DGUNR,XUTM,YUTM,Top,Bottom,RedoxNumber,Texture
88. 1001,550867,6219647,0,2,-1,3
88. 1001,550867,6219647,2,4.5,-2,4
88. 1001,550867,6219647,4.5,8.5,-1,3
88. 1001,550867,6219647,8.5,15.7,1,3
88. 1001,550867,6219647,15.7,16,-2,5
88. 1001,550867,6219647,16,17,1,3
88. 1002,552555,6220604,0,2,2,5
,,,2,6,-2,5
,,,6,9,-2,5
,,,9,14,-2,5
,,,14,21,1,3
,,,21,24,-1,3
,,,24,24.5,1,5
,,,24.5,28,-1,3
,,,28,34,-1,3
,,,34,35,1,3
88. 1022,549668,6220762,0,0.25,-999,8
,,,0.25,4.7,-999,5
,,,4.7,5.9,-999,5
,,,5.9,12.7,-999,3
,,,12.7,13.8,-999,1
,,,13.8,19.4,-999,3
,,,19.4,21.6,-999,5
,,,21.6,42.55,-999,3
,,,42.55,43.65,-999,5
,,,43.65,48.8,-999,3
,,,48.8,58.5,-999,3
88. 1096,550898,6220225,0,6.5,2,5
,,,6.5,9.5,2,2
,,,9.5,15,1,3
,,,15,20.5,1,3
,,,20.5,23,-2,5
,,,23,29,1,1
,,,29,34,1,3
,,,34,38,-2,5
,,,38,42,1,3
,,,42,45,-2,5
,,,45,49,1,2
,,,49,50,-2,5
88. 1104,548143,6220355,0,0.25,-999,8
,,,0.25,1,2,5
,,,1,15.5,-2,5
,,,15.5,18,-999,1
,,,18,26,2,3
,,,26,30,-2,5
,,,30,35,-999,3
,,,35,36,-2,9
,,,36,38,-1,3
,,,38,57.5,-2,3
,,,57.5,60,-2,5
88. 1105,550422,6221347,no data,,-999,-9999
88. 1121,551378,6221573,0,6,2,5
,,,6,27,1,5
,,,27,48,-2,5
,,,48,56,-2,3
88. 1304,552774,6220198,0,0.3,-999,6
88. 1305,552729,6220273,0,0.9,1,5
,,,0.9,1.1,-2,8
,,,1.1,1.6,-2,7
,,,1.6,2,-2,5
,,,2,3.2,-2,1
,,,3.2,4,-2,4
,,,4,4.4,1,3
,,,4.4,5,-2,5
88. 1318,550498,6219628,no color data,,-999,-9999
88. 1319,550534,6219581,no data,,-999,-9999
88. 1374,553719,6221603,no data,,-999,-9999
88. 1395,551053,6221091,0,1,2,5
,,,1,2,2,0
,,,2,3,2,3
,,,3,4,2,3
,,,4,5,1,5
,,,5,6,1,5
,,,6,10,-2,5
,,,10,11,-2,5
,,,11,12,-2,5
,,,12,13,-2,5
,,,13,14,-2,5
,,,14,15,1,5
,,,15,16,1,5
,,,16,17,2,5
,,,17,18,1,3
,,,18,19,-1,5
,,,19,25,2,3
,,,25,26,-2,3
,,,26,27,-2,3
,,,27,32,-2,3
,,,32,33,-2,5
,,,33,34,-2,5
,,,34,35,-2,5
,,,35,39,-2,3
,,,39,40,-2,5
,,,40,65,-2,5
,,,65,66,-2,3
,,,66,69,-2,5
,,,69,74,-2,5
,,,74,84,-2,5
,,,84,85,-2,5
,,,85,88,-2,5
88. 1456,548470,6220089,no data,,-999,-9999
88. 1458,549088,6220730,no data,,-999,-9999
88. 1472,550976,6220449,no data,,-999,-9999
88. 1479,554109,6221425,no data,,-999,-9999
88. 1512,552164,6219721,no data,,-999,-9999
88. 1565,553507,6220872,no data,,-999,-9999
88. 1604,551650,6220745,no data,,-999,-9999
88. 1766,550432,6221354,no data,,-999,-9999
88. 189,551596,6221059,0,14,2,5
,,,14,21.5,-2,5
,,,21.5,22,-999,3
,,,22,35,2,3
,,,35,44,-2,3
,,,44,49.5,-2,5
,,,49.5,50,-999,1
,,,50,57,-2,3
,,,57,72,-2,-9999
88. 554,549712,6219817,0,6,-2,-9999
,,,6,8,-1,3
,,,8,19,2,3
,,,19,40,-2,3
,,,40,42,-2,5
,,,42,50,-2,3
,,,42,50,-2,3
88. 557,549469,6220249,no data,,-999,-9999
88. 583,550875,6218471,no color data,,-999,-9999
88. 659,548751,6220558,0,4.5,-1,5
,,,4.5,12,-2,5
,,,12,44,2,2
,,,44,48,-2,5
,,,48,57,-1,3
88. 713,548961,6220696,0,3,-999,-9999
,,,3,13,-2,5
,,,13,16.5,2,3
,,,16.5,41,1,3
,,,41,49,-2,5
,,,49,51,-1,3
,,,51,54,-2,3
88. 719,548221,6220794,0,4,2,3
,,,4,14,-2,5
,,,14,55.5,-2,3
,,,55.5,66.5,-2,3
88. 742,550860,6218489,0,12.7,-999,1
,,,12.7,13,-999,4
,,,13,16.1,-999,3
,,,16.1,16.7,-999,5
,,,16.7,22.8,-999,3
,,,22.8,24.4,-999,3
,,,24.4,25.3,-999,4
88. 771,549656,6221856,0,11,-2,5
,,,11,25,-999,5
,,,25,40,-2,5
,,,40,50,-2,5
,,,50,56,-2,5
,,,56,59,-999,3
,,,59,61,-1,3
88. 774,552689,6220116,0,3,-999,-9999
,,,3,14,-999,-9999
,,,14,22,-999,3
88. 777,552586,6220619,0,15,-999,5
,,,15,26,-999,3
88. 783,550264,6219351,0,25,-999,-9999
,,,25,31,-999,5
,,,31,33.5,-999,3
88. 860,551382,6221565,0,8,2,5
,,,8,10,-2,3
,,,10,52,-999,5
88. 885,552864,6220945,0,0.5,-999,8
,,,0.5,8,-999,3
,,,8,29,-999,3
,,,29,34,-999,3
,,,34,38,-999,5
88. 907,549118,6220108,0,4,2,5
,,,4,6,1,5
,,,6,10,1,0
,,,10,17,1,3
,,,17,19,1,5
,,,19,21,-2,5
,,,21,25,1,3
,,,25,28,2,5
,,,28,48,-1,3
,,,48,53,-1,3
,,,53,55,1,3
88. 917,552580,6220624,0,1.5,1,5
,,,1.5,16,1,5
,,,16,26.7,1,5
,,,26.7,37.5,1,3
88. 940,549330,6220239,0,5,1,5
,,,5,6,-2,5
,,,6,7.5,-2,5
,,,7.5,15,2,3
,,,15,17,2,3
,,,17,22,2,3
,,,22,32.5,-1,3
,,,32.5,33.5,2,5
,,,33.5,39,-2,4
,,,39,44,-2,3
,,,44,46,-2,5
,,,46,49,2,3
,,,49,52.5,2,3
,,,52.5,53,-2,5
88. 942,549678,6219783,0,0.5,-999,8
,,,0.5,6,2,5
,,,6,10,-1,3
,,,10,16,1,4
,,,16,36,-2,3
,,,36,39,1,3
,,,39,41,-2,4
,,,41,43,-2,3
,,,43,48,1,3
88. 998,552681,6220111,0,2,1,3
,,,2,5,1,5
,,,5,7.5,-2,4
,,,7.5,14,1,3
,,,14,20,1,3
,,,20,29,-2,5
,,,29,32,-2,3
87. 1027,547429,6222262,0,5,2,5
,,,5,10,-2,5
,,,10,14.5,-2,5
,,,14.5,20,-1,3
,,,20,25.5,-1,2
,,,25.5,33,-2,4
,,,33,38,1,3
,,,38,44,1,3
,,,44,48,-2,5
,,,48,51,-2,4
,,,51,56,-2,5
,,,56,62,-2,5
,,,62,68,1,3
,,,68,72,1,3
,,,72,74,-2,4
87. 1068,547823,6222886,0,0.5,-2,8
,,,0.5,1.9,1,5
,,,1.9,2.5,1,3
,,,2.5,3.3,1,3
,,,3.3,4.5,2,3
,,,4.5,5.9,2,3
,,,5.9,7,2,3
,,,7,7.2,2,3
,,,7.2,8.5,2,3
,,,8.5,9.2,2,3
,,,9.2,10.4,2,3
,,,10.4,10.8,2,3
,,,10.8,11.7,1,3
87. 1090,546815,6217954,no data,,-999,-9999
87. 1181,547437,6222248,0,5,-1,5
,,,5,18.6,-2,5
,,,18.6,21.4,-1,2
,,,21.4,38.8,-1,3
,,,38.8,45.85,-2,5
,,,45.85,47.2,-999,9
,,,47.2,55.35,-2,3
,,,55.35,64,-2,3
87. 1192,547221,6221163,0,1,-999,8
,,,1,3,-999,3
,,,3,11,2,3
,,,11,22,2,3
,,,22,25.5,2,3
,,,25.5,32.5,2,3
,,,32.5,39.5,-2,3
,,,39.5,47,-2,5
,,,47,51,-2,5
,,,51,60,-2,3
,,,60,70,-2,3
,,,70,76.5,-2,5
,,,76.5,90,-2,3
,,,90,90.2,-999,-9999
87. 1288,546774,6221256,0,1,2,5
,,,1,2,2,5
,,,2,3,1,5
,,,3,4,1,5
,,,4,5,-2,5
,,,5,6,-2,5
,,,6,7,-2,5
,,,7,8,-2,5
,,,8,9,-2,5
,,,9,10,-2,5
,,,10,11,-2,5
,,,11,12,-2,5
,,,12,13,-2,5
,,,13,14,-2,5
,,,14,15,-2,5
,,,15,16,2,3
,,,16,17,2,3
,,,17,18,2,3
,,,18,19,-1,3
,,,19,20,-2,3
,,,20,21,-1,3
,,,21,22,-2,3
,,,22,23,-2,3
,,,23,24,-2,3
,,,24,25,-2,3
,,,25,26,-2,3
,,,26,27,-2,3
,,,27,28,-1,3
,,,28,29,-1,3
,,,29,30,-1,3
,,,30,31,-1,3
,,,31,32,2,3
,,,32,33,2,3
,,,33,34,-2,5
,,,34,35,-2,5
,,,35,36,2,3
,,,36,37,2,3
,,,37,38,2,3
,,,38,39,2,3
,,,39,40,2,3
,,,40,41,2,3
,,,41,42,2,3
,,,42,43,-1,3
,,,43,44,-1,3
,,,44,45,-1,3
,,,45,46,2,3
,,,46,47,-1,3
,,,47,48,-1,3
,,,48,49,-1,3
,,,49,50,-1,3
,,,50,51,2,3
,,,51,52,2,3
,,,52,53,-2,5
,,,53,54,-2,1
,,,54,55,-2,5
,,,55,56,1,3
,,,56,57,1,3
,,,57,58,1,3
,,,58,59,-2,5
,,,59,60,-2,3
,,,60,61,-2,3
,,,61,62,-2,3
,,,62,63,1,3
,,,63,64,1,3
,,,64,65,1,3
,,,65,66,-2,3
,,,66,67,-2,3
,,,67,68,-2,3
,,,68,69,-2,3
,,,69,70,-2,3
,,,70,71,-2,3
,,,71,72,-2,3
,,,72,73,-2,3
,,,73,74,-2,3
,,,74,75,1,3
,,,75,76,1,3
,,,76,77,-2,3
,,,77,78,-2,3
,,,78,79,-2,5
,,,79,80,-2,5
,,,80,81,-2,5
,,,81,82,-2,5
,,,82,83,-2,5
,,,83,84,-2,5
,,,84,85,-2,5
,,,85,86,-2,5
,,,86,87,-2,5
,,,87,88,-2,5
,,,88,89,-2,3
,,,89,90,-2,5
,,,90,91,-2,5
,,,91,92,-2,3
,,,92,93,-2,3
,,,93,94,-2,3
,,,94,95,-2,3
,,,95,96,-2,3
,,,96,97,-2,3
,,,97,98,-2,5
,,,98,99,-2,5
,,,99,100,-2,5
,,,100,101,-2,5
,,,101,102,-2,5
,,,102,103,-2,5
,,,103,104,-2,5
,,,104,105,-2,3
,,,105,106,-2,5
,,,106,107,-2,5
,,,107,108,-2,5
,,,108,109,-2,5
,,,109,110,-2,5
,,,110,111,-2,5
,,,111,112,-2,5
,,,112,113,-2,5
,,,113,114,-2,5
,,,114,115,-2,5
,,,115,116,-2,5
,,,116,117,-2,5
,,,117,118,-2,5
,,,118,119,-2,5
,,,119,120,-2,5
,,,120,121,-2,5
,,,121,122,-2,5
,,,122,123,-2,5
,,,123,124,-2,5
,,,124,125,-2,5
87. 1355,546838,6217994,no data,,-999,-9999
87. 1356,546833,6217997,no data,,-999,-9999
87. 1357,546828,6218001,no data,,-999,-9999
87. 1358,546824,6217997,no data,,-999,-9999
87. 1359,546819,6217993,no data,,-999,-9999
87. 136,546823,6217993,no data,,-999,-9999
87. 1361,546826,6217992,no data,,-999,-9999
87. 1362,546834,6217996,no data,,-999,-9999
87. 1423,546693,6222924,don't understand,,-999,-9999
87. 1517,547740,6219155,no data,,-999,-9999
87. 269,547089,6221425,0,7,1,5
,,,7,31.4,-2,3
,,,31.4,33.2,-2,5
,,,33.2,57,-2,3
,,,57,71,-2,3
,,,71,75,-1,3
87. 298,547360,6218778,0,3.5,-2,5
,,,3.5,10,-2,-9999
,,,10,40,-1,3
,,,40,42,1,3
87. 510,547483,6221503,0,11,2,4
,,,11,33.7,-1,1
,,,33.7,37,-2,5
,,,37,42.4,-2,-9999
,,,42.4,54.3,-2,-9999
,,,54.3,59,-2,-9999
,,,59,60,-2,-9999
87. 66,547789,6221973,0,5,2,5
,,,5,22,-2,5
,,,22,34,-999,3
,,,34,45,-999,3
,,,45,74,-2,3
87. 692,547195,6221170,0,24,-999,3
,,,24,25,-999,5
,,,24,42,-999,3
,,,42,43,2,5
,,,43,46,-2,5
,,,46,46.5,-999,-9999
,,,46.5,49,-999,-9999
,,,19,58,-999,3
,,,58,60,-999,5
,,,60,66,-999,3
,,,66,76.5,-999,5
,,,76.5,85,-999,3
,,,85,,-999,5
87. 862,547636,6218964,0,0.3,-999,8
,,,0.3,6,2,5
,,,6,38,2,3
,,,38,39.5,1,3
,,,39.5,41,2,3
,,,41,43,-2,4
,,,43,44,1,3
,,,44,45.5,-2,5
,,,45.5,48,2,5
,,,48,53.5,-1,3
,,,53.5,56.5,-1,3
,,,56.5,57.5,-2,3
,,,57.5,68,-2,5
,,,68,68.5,1,3
,,,68.5,71,-2,4
,,,71,72,-2,3
,,,72,79,1,3
,,,79,81,1,3
88. 1006,550215,6218452,0,3,-999,-9999
,,,3,9.5,-2,3
,,,9.5,,-2,5
88. 1007,549660,6217899,0,0.5,2,8
,,,0.5,7,-1,3
,,,7,8,1,4
,,,8,15.5,-2,3
88. 1041,550247,6218470,0,5.2,2,3
,,,5.2,11.1,2,3
,,,11.1,14.6,-999,3
,,,14.6,19.4,1,3
,,,19.4,25,1,3
,,,25,31,-999,3
,,,31,34.7,1,3
,,,34.7,37,1,3
,,,37,40.2,-2,4
,,,40.2,42.7,1,3
,,,42.7,47.5,-2,4
,,,47.5,51.1,-2,4
,,,51.1,55,1,3
,,,55,58,-2,4
,,,58,65,-2,5
,,,65,70,-2,5
,,,70,72.1,-2,5
,,,72.1,73.4,1,5
,,,73.4,78,-2,5
,,,78,83,1,5
,,,83,88,1,5
,,,88,90,1,5
88. 1053,548924,6218576,0,1,-999,3
,,,1,3,-999,3
,,,3,4,-999,3
,,,4,5,-999,3
,,,5,6,-999,3
,,,6,7,-999,3
,,,7,14,-999,3
,,,14,15,-999,3
,,,15,20,-999,3
,,,20,21,-999,3
,,,21,25,-999,3
,,,25,26,-999,3
,,,26,27,-999,3
,,,27,35,-999,3
,,,35,37,-999,5
88. 1089,548339,6222918,0,0.4,-2,8
,,,0.4,0.9,2,3
,,,0.9,2.1,2,2
,,,2.1,2.6,2,5
,,,2.6,3.1,2,5
,,,3.1,3.6,2,3
,,,3.6,4.1,2,3
,,,4.1,4.75,2,3
,,,4.75,5.1,2,5
,,,5.1,5.6,2,5
,,,5.6,6.1,2,3
,,,6.1,6.5,2,3
,,,6.5,6.7,2,4
,,,6.7,7.1,2,3
,,,7.1,8,2,3
88. 1092,548930,6222721,0,0.9,-2,8
,,,0.9,1.2,-2,8
,,,1.2,2,2,3
,,,2,2.7,2,3
,,,2.7,4.2,2,3
,,,4.2,5.25,2,3
,,,5.25,5.9,2,2
,,,5.9,6.5,2,3
,,,6.5,7.6,2,3
,,,7.6,8.1,2,3
,,,8.1,8.7,2,3
88. 1093,549115,6222119,0,0.4,-2,8
,,,0.4,1,2,5
,,,1,2,1,5
,,,2,2.9,2,3
,,,2.9,4.6,2,3
,,,4.6,5.3,2,3
,,,5.3,6.7,2,3
,,,6.7,7.5,2,3
,,,7.5,9.3,2,3
,,,9.3,10,1,5
88. 1094,548702,6222727,0,0.5,-2,8
,,,0.5,1,1,5
,,,1,2,1,5
,,,2,3,1,5
,,,3,4.9,1,5
,,,4.9,5.8,2,3
,,,5.8,6.9,2,3
,,,6.9,7,2,3
,,,7,7.6,2,5
,,,7.6,8.5,2,5
,,,8.5,8.6,2,3
,,,8.6,9.1,2,3
,,,9.1,9.6,2,3
,,,9.6,10,2,3
88. 1115,550656,6222829,0,0.4,-999,8
,,,0.4,3.25,1,5
,,,3.25,5,1,5
88. 1122,551387,6222572,0,1,1,5
,,,1,6.5,1,5
,,,6.5,12,-2,5
,,,12,17,-2,5
,,,17,22.5,-2,5
,,,22.5,24,1,5
,,,24,28.5,-2,5
,,,28.5,32.5,-2,1
,,,32.5,33,-2,5
88. 1158,553551,6219777,don't understand,,-999,-9999
88. 1159,553605,6219744,don't understand,,-999,-9999
88. 1160,553604,6219732,don't understand,,-999,-9999
88. 1161,553594,6219710,don't understand,,-999,-9999
88. 1219,548122,6218432,no data,,-999,-9999
88. 1270,550568,6222845,0,1,1,6
,,,1,1.3,-2,8
,,,1.3,2.4,-2,5
,,,2.4,3.2,1,5
,,,3.2,3.7,1,5
,,,3.7,4.8,1,5
88. 1300,552310,6219098,no data,,-999,-9999
88. 1351,550190,6222475,0,1,1,5
,,,1,2,1,5
,,,2,3,-2,5
,,,3,4,-2,5
,,,4,5,-2,5
,,,5,6,-2,5
,,,6,7,1,3
,,,7,8,-1,5
,,,8,9,-2,5
,,,9,10,-2,5
,,,10,11,-2,5
,,,11,12,-2,5
,,,12,13,-2,5
,,,13,14,-2,5
,,,14,15,-2,5
,,,15,16,-2,5
,,,16,17,-2,5
,,,17,18,-2,5
,,,18,19,-2,5
,,,19,20,-2,5
,,,20,21,-2,5
,,,21,22,-2,5
,,,22,23,-2,5
,,,23,24,-2,5
,,,24,25,-2,5
,,,25,26,-2,5
,,,26,27,-2,5
,,,27,28,-2,5
,,,28,29,-2,5
,,,29,30,-2,5
,,,30,31,-2,5
,,,31,32,-2,5
,,,32,33,-2,5
,,,33,34,-2,5
,,,34,35,-2,5
,,,35,36,-2,5
,,,36,37,-2,5
,,,37,38,-2,5
,,,38,39,-2,5
,,,39,40,-2,5
,,,40,41,-2,5
,,,41,42,-2,5
,,,42,43,-2,5
,,,43,44,-2,5
,,,44,45,-2,5
,,,45,46,-2,5
,,,46,47,-2,5
,,,47,48,1,3
,,,48,49,1,3
,,,49,50,-2,5
,,,50,51,-2,3
,,,51,52,-2,5
,,,52,53,-2,5
,,,53,54,-2,2
,,,54,55,-1,3
,,,55,56,1,3
,,,56,57,1,3
,,,57,58,1,3
,,,58,59,1,3
,,,59,60,-2,5
,,,60,61,-2,5
,,,61,62,-2,5
,,,62,63,-2,5
,,,63,64,-2,5
,,,64,65,-2,5
,,,65,66,-2,5
,,,66,67,-2,5
,,,67,68,1,5
,,,68,69,1,5
,,,69,70,-2,5
,,,70,71,-2,5
,,,71,72,-2,3
,,,72,73,-2,3
,,,73,74,-2,5
,,,74,75,-2,5
,,,75,76,-2,5
,,,76,77,-2,5
,,,77,78,-2,5
,,,78,79,-2,5
,,,79,80,-2,5
,,,80,81,-2,5
,,,81,82,-2,5
,,,82,83,-2,5
,,,83,84,-2,5
,,,84,84.5,-2,5
,,,84.5,85,1,5
88. 1377,554697,6218884,no data,,-999,-9999
88. 1436,555399,6218693,no data,,-999,-9999
88. 1438,551708,6222039,no data,,-999,-9999
88. 1553,552281,6221581,no data,,-999,-9999
88. 1583,549556,6218464,no data,,-999,-9999
88. 1584,549390,6218437,no data,,-999,-9999
88. 1585,553595,6220430,no data,,-999,-9999
88. 1598,549563,6218302,no data,,-999,-9999
88. 1629,547947,6222628,no data,,-999,-9999
88. 1668,554466,6219253,0,0.5,-999,-9999
,,,0.5,6,2,3
,,,6,11,-1,4
,,,11,18,-2,3
,,,18,25,-2,3
,,,25,31,-2,4
,,,31,37,-2,3
,,,37,43,-2,3
,,,43,46,-2,3
,,,46,47,-2,3
88. 1669,548787,6218263,no data,,-999,-9999
88. 1764,549328,6218488,no data,,-999,-9999
88. 218,550993,6218558,0,6,-999,-9999
,,,6,9,-999,-9999
,,,9,17.5,-999,-9999
88. 49,548237,6222437,no data,,-999,-9999
88. 500,548637,6218252,0,4,-999,5
,,,4,18,-999,3
88. 524,555398,6222025,0,4,-1,5
,,,4,20.3,-2,5
,,,20.3,23,-2,3
,,,23,26.2,-2,3
,,,26.2,30.55,-2,3
,,,30.55,39.15,-2,3
88. 525,550323,6222854,no data,,-999,-9999
88. 53,554701,6218913,0,2,-999,5
,,,2,9,-999,3
,,,9,,-999,5
88. 569,553998,6219923,0,25,-999,-9999
,,,25,30,-999,-9999
88. 575,554152,6222789,0,5.5,1,5
,,,5.5,16,-2,5
,,,16,19,-1,3
,,,19,31,-2,5
,,,31,40,-1,3
,,,40,46,-2,5
88. 578,550266,6222857,0,1.5,2,3
,,,1.5,3,2,5
,,,3,13.5,-2,5
,,,13.5,30.5,-999,5
,,,30.5,34,-999,3
,,,34,45,-2,3
,,,45,48,-999,-9999
88. 579,548554,6221666,0,4.3,2,5
,,,4.3,20.5,-2,5
,,,20.5,48.5,-999,3
,,,48.5,53.5,-999,3
,,,53.5,62,-999,3
88. 63,550234,6218502,no data,,-999,-9999
88. 631,548688,6219745,0,25,-999,-9999
,,,25,27,-999,3
,,,27,35,-999,5
,,,35,56,-999,3
88. 633,550000,6218986,0,55,-999,-9999
,,,55,56,-2,5
88. 687,552969,6219283,0,3.5,2,5
,,,3.5,8.5,2,2
,,,8.5,14,2,2
,,,14,20,-2,2
,,,20,21.5,-2,2
,,,21.5,26.25,-2,5
,,,26.25,33,-2,3
,,,33,42,-2,3
,,,42,42.5,-2,5
88. 698,548567,6221673,0,0.5,2,8
,,,0.5,7,1,5
,,,7,22,-2,3
,,,22,38,-1,-9999
,,,38,48,-1,-9999
,,,48,54,-2,-9999
,,,54,60.5,-2,-9999
,,,60.5,61,2,-9999
88. 699,549219,6217810,0,2.6,1,3
,,,2.6,11,-2,4
,,,11,21.2,-999,5
,,,21.2,32,-2,4
,,,32,39.3,-2,5
,,,39.3,48,-2,4
,,,48,71,-2,5
,,,71,113.8,-2,5
,,,113.8,116.6,-2,3
,,,116.6,119.4,-2,4
88. 711,548530,6221458,0,0.4,-999,8
,,,0.4,4.5,-1,5
,,,4.5,22.5,-2,5
,,,22.5,34,1,2
,,,34,48.5,-1,3
,,,48.5,53,-2,5
,,,53,57.5,-2,3
,,,57.5,62,-2,5
,,,62,63.5,-2,5
88. 735,555598,6218603,0,4,-2,3
,,,4,7,-2,5
,,,7,8.7,2,3
,,,8.7,13,-2,5
88. 736,555588,6218543,0,5,2,5
,,,5,10,1,5
,,,10,15,-2,5
,,,15,20,-2,5
,,,20,25,-999,5
,,,25,32,-2,5
,,,32,34,1,5
,,,34,39,-999,5
,,,39,45,-2,5
,,,45,50,1,5
,,,50,55,-2,5
,,,55,60,2,5
,,,60,65,2,5
88. 741,555579,6218791,0,1.8,2,3
,,,1.8,5,2,5
,,,5,7,-2,5
,,,7,10,-2,5
,,,10,15,-2,5
,,,15,20,-2,5
88. 749,548167,6219675,0,2,2,3
,,,2,4.5,2,3
,,,4.5,6,2,5
,,,6,51,-2,3
88. 750,553222,6222314,0,14,-999,-9999
,,,14,24,2,5
,,,24,25.8,1,2
88. 751,548864,6217921,0,3,-1,3
,,,3,7,-1,3
,,,7,12,-1,3
88. 759,548562,6218242,0,1.5,2,3
,,,1.5,6,2,5
,,,6,16,-2,3
,,,16,25,-2,3
,,,25,27,2,3
88. 776,551059,6222870,0,15,-999,-9999
,,,15,20,-999,5
,,,20,30,-999,3
,,,30,32,-999,5
88. 788,553692,6221020,0,8,-999,-9999
,,,8,12,-999,-9999
,,,12,14,-999,-9999
88. 789,554135,6220862,0,19,-999,-9999
,,,19,27,-999,-9999
88. 79,550314,6222809,handwriting,,-999,-9999
88. 815,550185,6219396,0,20,-999,-9999
,,,20,23,-2,5
,,,23,23.5,-999,3
,,,23.5,30.5,-999,3
88. 856,552538,6218863,0,3,-999,-9999
,,,3,7,-999,-9999
,,,7,13,-999,-9999
,,,13,17,-999,-9999
,,,17,20.5,-999,-9999
88. 878,551683,6222041,0,4,2,5
,,,4,6,-2,3
,,,6,10,-999,1
,,,10,20,-2,3
,,,20,20.5,-999,5
88. 922,549859,6218863,0,0.3,-999,8
,,,0.3,3,1,3
,,,3,10.5,-1,3
,,,10.5,19,-2,5
,,,19,20,-2,3
,,,20,31.5,-2,3
,,,31.5,32,-2,4
88. 923,549899,6218853,0,2.5,2,2
,,,2.5,3,2,5
,,,3,10,-1,3
,,,10,16,-2,5
,,,16,18.5,-2,2
,,,18.5,28,1,3
,,,28,30,-2,3
,,,30,36,-2,5
,,,36,37,-2,5
,,,37,42.5,-2,5
,,,42.5,50.5,-2,5
,,,50.5,55,-2,3
88. 929,555406,6222012,0,4,1,5
,,,4,20,-2,5
,,,20,32,-2,5
,,,32,38.5,-1,2
,,,38.5,40,-1,2
88. 934,552098,6221743,0,9,-999,-9999
,,,9,16,-2,5
,,,16,32.5,-2,5
,,,32.5,34,-2,5
,,,34,36,-2,5
88. 939,552328,6221643,0,8,-999,-9999
,,,8,13,-999,5
,,,13,21,-999,3
,,,21,23,-999,5
88. 965,550288,6222849,0,4.5,-999,5
,,,4.5,9,-2,5
,,,9,14,-999,5
,,,14,19,-999,5
,,,19,22.5,-999,5
,,,22.5,27.7,-2,5
,,,27.7,33,1,3
,,,33,38,1,3
,,,38,42.4,-999,3
,,,42.4,46,-2,5
,,,46,47.7,1,3
,,,47.7,53,-2,5
,,,53,58.5,-999,5
,,,58.5,61.2,-999,3
,,,61.2,66,-999,5
,,,66,71,-2,5
,,,71,74,-999,5
,,,74,80,-999,5
88. 968,552028,6219211,0,10,2,3
,,,10,15,1,5
,,,15,20,1,3
,,,20,22,1,3
,,,22,25,-2,3
,,,25,28,2,2
,,,28,35,-2,5
,,,35,39,-1,3
,,,39,44,-2,5
,,,44,46.5,-2,3
,,,46.5,62,-2,5
88. 976,554838,6220014,0,0.2,-999,8
,,,0.2,1.5,2,3
,,,1.5,2,2,3
,,,2,2.8,2,3
,,,2.8,3,2,3
,,,3,3.3,2,3
,,,3.3,3.6,2,3
,,,3.6,3.9,2,3
,,,3.9,4,2,3
,,,4,4.7,-1,3
,,,4.7,5,-1,3
,,,5,6.1,2,2
,,,6.1,7.5,2,3
,,,7.5,8,-999,3
,,,8,9,2,3
,,,9,10.3,2,3
,,,10.3,11.1,2,3
,,,11.1,12.3,2,3
,,,12.3,13.1,2,3
,,,13.1,14.4,2,3
,,,14.4,15,2,3
88. 977,554821,6220267,0,0.2,-999,8
,,,0.2,0.8,2,3
,,,0.8,1.4,2,3
,,,1.4,2,2,3
,,,2,3.2,2,3
,,,3.2,4,-2,5
,,,4,5,2,5
,,,5,6,-2,5
88. 978,555217,6220261,0,0.2,-999,8
,,,0.2,0.9,2,3
,,,0.9,1.9,2,3
,,,1.9,2.5,2,3
,,,2.5,2.9,2,3
,,,2.9,3.5,2,3
,,,3.5,4.3,-1,3
,,,4.3,5.6,2,3
,,,5.6,6,-1,3
,,,6,7.3,2,3
,,,7.3,8.1,-1,3
,,,8.1,9.1,-1,3
,,,9.1,10.2,2,3
,,,10.2,11.1,2,3
,,,11.1,11.9,-1,3
,,,11.9,13.7,2,3
88. 979,555159,6220854,0,0.2,-999,8
,,,0.2,0.9,2,3
,,,0.9,1.9,2,3
,,,1.9,2.8,2,3
,,,2.8,3.9,-1,3
,,,3.9,4.8,-1,3
,,,4.8,5.6,2,3
,,,5.6,6.3,-2,5
,,,6.3,7,-2,5
,,,7,7.6,-2,5
88. 984,549510,6218609,0,0.4,-999,8
,,,0.4,6,2,3
,,,6,9.5,2,3
,,,9.5,16,1,4
,,,16,19,2,3
,,,19,22,-2,5
,,,22,27,-2,5
,,,27,29,-2,5
,,,29,36,-2,3
,,,36,37.5,1,3
,,,37.5,40.5,-2,5
,,,40.5,41.5,-999,1
,,,41.5,57,-2,5
,,,57,63,-2,5
88. 985,549496,6218579,0,0.4,-999,8
,,,0.4,6.5,2,3
,,,6.5,7.5,-2,4
,,,7.5,10,1,3
,,,10,14,1,3
,,,14,16.5,1,3
88. 986,554158,6220853,0,29,-999,-9999
,,,29,36,-999,3
,,,36,38,2,5
,,,38,38.5,-999,3
,,,38.5,46,2,5
,,,46,65,-2,5
,,,65,76.5,-2,5
88. 128B,548889,6222893,0,0.5,-999,8
,,,0.5,11,2,1
,,,11,14,-999,3
,,,14,19,-999,3
88. 128C,548869,6222893,0,1.5,-999,-9999
,,,1.5,5,-999,-9999
,,,5,16,-999,-9999
88. 78A,555404,6222030,0,4,2,5
,,,4,24,-999,5
,,,24,32,-999,3
,,,32,37,-999,2
88. 78B,555423,6222021,0,20,-999,5
,,,20,30,-999,5
,,,30,31.5,-999,3
,,,31.5,66,-999,3
88. 3062,552886 ,6221203,0,9.45,2,-9999
,,,9.45,18,-2,-9999
88. 3063,553030 ,6221285,0,0.35,-2,8
,,,0.35,0.7,1,5
,,,0.7,1.1,-2,5
,,,1.1,1.22,2,5
,,,1.22,1.6,2,5
,,,1.6,2,1,5
,,,2,2.44,2,5
,,,2.44,2.7,2,5
,,,2.7,3.2,2,5
,,,3.2,3.66,2,5
,,,3.66,5,2,-9999
,,,5,5.1,2,5
,,,5.1,5.4,-1,5
,,,5.4,5.7,-1,5
,,,5.7,6.1,-2,5
,,,6.1,6.45,-2,5
,,,6.45,7.32,-2,-9999
,,,7.32,7.57,-1,5
,,,7.57,8,2,3
,,,8,8.51,2,3
,,,8.51,9.76,2,-9999
,,,9.76,9.97,2,3
,,,9.97,10.21,2,5
,,,10.21,10.86,2,3
,,,10.86,10.98,2,5
,,,10.98,12.2,-999,-9999
,,,12.2,12.8,2,3
,,,12.8,13.23,2,3
,,,13.23,13.42,2,3
,,,13.42,13.5,2,3
,,,13.5,13.81,2,3
,,,13.81,14.54,-999,-9999
,,,14.54,14.55,2,3
,,,14.55,14.8,2,3
88. 3073,553139 ,6221315,0,5.2,2,-9999
,,,5.2,11.8,-2,-9999
88. 3074,553455,6220734,7.5,7.5,-2,
,,,8.5,8.5,-2,
,,,10,10,-2,
,,,11.5,11.5,-2,
,,,14.5,14.5,1,
,,,16,16,1,
88. 3075,553442,6220665,8.5,8.5,2,
,,,10,10,2,
,,,11.5,11.5,2,