Longitude,Latitude,WELL.ID,SOURCE,Arsenic,Barium,Calcium,Chloride,Chromium,Fluoride,Iron,Magnesium,Manganese,Nickel,Nitrate.as.N,Potassium,Selenium,Sodium,Sulfate,Uranium,Vanadium
-121.0107,37.6968,100829,LLNL,3,46,23000,13000,1.2,280,15.05271321,7000,0.087,1.7,7100,2800,1.6,23000,25000,0.225,1.9
-121.0107,37.6968,100829,LLNL,2.2,50,23000,17000,1.8,350,13.18821369,6600,0.61,5.2,7400,2600,1.6,28000,31000,0.345,2
-121.0107,37.6968,100829,LLNL,2.9,52,24000,14000,0.83,290,11.64110432,7500,0.33,2.6,7500,2900,1,22000,27000,0.27,1.6
-121.0107,37.6968,100829,LLNL,2.7,52,23000,14000,1,300,10.66279533,7100,0.14,2,7700,3000,1.9,24000,26000,0.21,1.9
-120.9673,37.6842,100830,LLNL,6.4,56,24000,11000,0.72,190,8.453420973,7600,0.39,4.5,4200,3600,0.44,15000,23000,0.0858,2
-120.7541,37.6238,100831,LLNL,5.4,120,56000,120000,0.633768714,430,15.93877187,16000,0.68226787,6.6,20000,12000,3.607427063,97000,87000,1.8,4.7
-120.7541,37.6238,100831,LLNL,4.4,140,53000,130000,0.45,380,9.554649964,15000,0.18,4.6,23000,13000,1.3,94000,1.00E+05,1.035,3.9
-120.7541,37.6238,100831,LLNL,3.7,130,52000,110000,0.13,340,6.878575599,15000,1.684662934,2.5,27000,11000,0.629325189,75000,90000,0.855,3.3
-120.7541,37.6238,100831,LLNL,4.8,140,48000,120000,0.42,390,5.811797585,14000,0.21,4.8,20000,12000,0.46,92000,93000,0.9675,4.1
-120.7541,37.6238,100831,LLNL,4.4,90,33000,72000,0.3,370,1.846523164,9900,0.12,2.2,9800,8800,0.37,58000,55000,0.645,4
-120.9189,37.6421,100832,LLNL,7.3,48,15000,31000,0.65,500,6.75048471,4600,0.22,2.4,6900,4700,1.3,44000,33000,0.18,4
-120.9189,37.6421,100832,LLNL,4.7,110,34000,88000,0.4,420,5.7,10000,0.3,5,13000,9100,0.46,78000,53000,0.75,5.2
-120.9189,37.6421,100832,LLNL,7.8,39,13000,22000,0.69,500,3.1,4000,0.4,1.9,5700,4500,1.5,40000,30000,0.1335,5.2
-120.9189,37.6421,100832,LLNL,4.8,70,20000,38000,0.9,470,0.42641764,6100,0.14,3,9100,6600,1.1,51000,42000,0.42,6
-120.9476,37.6757,100833,LLNL,5.7,120,41000,110000,0.42,360,18.49127655,12000,0.074,2.8,16000,13000,0.37,83000,77000,0.9375,5.2
-120.9476,37.6757,100833,LLNL,3.8,120,46000,98000,0.6,270,5.34138476,14000,1.067757769,3,18000,10000,0.38,66000,80000,0.9525,4.2
-120.9476,37.6757,100833,LLNL,4.8,120,47000,1.00E+05,0.25,260,5.2,15000,0.12,2.2,18000,12000,0.18,74000,65000,1.215,4.3
-120.9476,37.6757,100833,LLNL,5.8,120,44000,120000,0.47,330,2.8,13000,0.079,2.7,20000,14000,0.44,87000,86000,0.915,5.5
-120.9985,37.6313,100834,LLNL,2.75,52.5,37000,4000,0.939374957,325,16.65626938,12000,2.9,1.037109195,717.5436236,5350,4.026103667,13000,24000,5.55,0.602397989
-120.9985,37.6313,100834,LLNL,2.8,50,41000,3700,0.32,360,16.20196758,11000,5.2,0.56,700,4100,0.15,12000,24000,8.175,2.6
-120.9985,37.6313,100834,LLNL,2.3,26,19000,13000,0.42,190,15.60739738,5700,0.2,0.63,4500,2200,3.216709173,11000,21000,0.585,2.3
-120.9985,37.6313,100834,LLNL,3.8,21,12000,7000,0.21,290,4,3900,3,0.54,3500,2000,2.075372187,7600,9200,0.15,2
-120.9985,37.6313,100834,LLNL,2.5,51,40000,10000,0.54,340,4,10000,6.7,0.93,1700,4300,0.29,16000,28000,6.3,2.7
-121.4677227,37.6999298,100888,LLNL,0.390588785,30,16000,42000,1.7,240,150,10000,57,2.858167927,912.2438561,16000,1.874640865,290000,1000,0.485677999,8.3
-121.4677227,37.6999298,100888,LLNL,0.910567112,29,16000,44000,1.6,230,150,9800,58,1.883201796,678.9738914,16000,2.702559213,270000,68.29556846,0.129774004,8.5
-121.3832685,38.6221725,100928,LLNL,0.639732637,75,61000,25000,0.751879848,400,9.414327149,15000,6.2,3.250686511,710.9818972,3200,4.214031353,40000,86000,4.95,3.5
-121.3832685,38.6221725,100928,LLNL,0.023193616,76,62000,23000,0.120720872,410,0.97387454,15000,7.3,3.926405063,464.3023155,3000,0.169374311,39000,85000,4.5,3.4
-121.4227312,38.6046271,100929,LLNL,0.665169265,150,110000,78000,600,400,15.25106897,29000,0.31264516,0.239279011,65000,4400,1.296332924,58000,130000,8.829,3.258
-121.4227312,38.6046271,100929,LLNL,0.483909497,110,80000,40000,110,450,6.673757471,20000,0.042466961,1.145316352,20000,3600,1.912842613,46000,110000,4.8,7.2
-121.4227312,38.6046271,100929,LLNL,1.1,98,76000,38000,64,420,5.829682443,19000,0.243308065,4.136960437,13000,3800,1.560585627,45000,110000,3.3,2.827179545
-121.422571,38.6133226,100930,LLNL,0.083157845,150,1.00E+05,76000,380,420,18.59695507,28000,1.311823876,4.154542214,65000,4300,0.251369454,55000,140000,11.1,20
-121.422571,38.6133226,100930,LLNL,0.099446449,160,110000,78000,610,430,14.15141033,29000,1.336138437,2.347138901,63000,4600,5.8,58000,130000,9.6,3.6
-121.422571,38.6133226,100930,LLNL,0.827268183,150,110000,80000,340,400,12.30889018,27000,1.585566507,4.345134976,64000,4400,2.458849753,55000,140000,11.1,2.069730084
-121.7026,39.5812,101811,LLNL,0.982709357,62,56000,24000,0.630902382,300,30.64087029,10000,46,4.484931999,168.7122209,8717.636606,4.722159425,50000,58000,0.747449336,2.028799029
-121.7026,39.5812,101811,LLNL,0.051226309,68,49000,24000,0.669224186,300,12.48228294,8400,49,1.706175617,674.9560161,2300,4.16069192,40000,58000,0.907136877,2.696170525
-121.7026,39.5812,101812,LLNL,16,160,61000,22000,0.234463955,280,64,6100,76,2.481949818,354.4602364,2200,2.389238975,44000,74000,0.238651329,0.314412449
-121.7026,39.5812,101812,LLNL,16,160,67000,22000,0.137870617,280,38.24172905,7000,62,2.848279758,747.1871691,6860.659281,3.902706014,50000,74000,0.904706446,0.752322665
-121.9434,39.4438,101814,LLNL,0.861591437,12,12000,63000,0.80134894,500,5.151292048,5600,2.4,4.511439033,209.0670126,2100,4.931008159,140000,33000,0.543226332,2.357779535
-121.9434,39.4438,101815,LLNL,0.280056628,7.2,8800,58000,0.538532904,580,16.28594934,1200,6.9,0.069272851,623.2351884,507.5911393,2.344160795,95000,136.0855381,0.34700384,1.183280174
-121.9434,39.4438,101815,LLNL,0.607466371,7.3,9500,59000,0.194561205,610,11,1200,7.1,3.930298521,742.0363264,969.9334214,4.258749385,1.00E+05,305.9716154,0.38246743,2.658047325
-121.9434,39.4438,101816,LLNL,5.4,130,36000,85000,0.808986266,240,34,3300,26,3.547153778,644.6093806,2200,3.838494562,70000,5500,0.69594612,0.620069291
-121.6874,39.5446,101817,LLNL,16,120,29000,25000,0.262778332,320,25,5200,36,4.22565855,512.0180443,1400,1.253369466,34000,6500,0.653828696,2.208782535
-121.6874,39.5446,101817,LLNL,20,130,27000,22000,0.112559188,330,9.266723818,5300,40,0.643985572,366.4106941,1800,0.603777281,35000,9200,0.07888383,2.683135032
-121.8278,39.4634,101818,LLNL,11,380,70000,150000,0.307429683,280,130,16000,150,1.416144812,895.3014708,3200,4.384597059,62000,6600,0.417459697,0.646276461
-121.8278,39.4634,101818,LLNL,9.8,280,69000,130000,0.208257307,330,100,16000,130,1.836662052,36.70276243,3200,3.105079598,62000,5400,0.883297366,1.883030611
-121.8278,39.4634,101819,LLNL,1.4,9.6,7700,22000,0.055699578,780,190,2000,16,0.072950422,987.7133345,1800,0.36319403,220000,341.5045612,0.77445895,12
-121.828,39.3675,101820,LLNL,0.455376581,9.4,9400,35000,0.831402764,790,150,3100,23,3.245157286,611.3137726,3700,3.022716498,190000,182.3195891,0.675242138,5.1
-121.7392,39.6155,101821,LLNL,1.4,13,10000,88000,1.3,550,210,4900,21,0.755912923,197.4214441,7700,2.149995436,270000,56.44601909,0.383026294,6.3
-121.3354,38.8063,101949,LLNL,0.200982963,19,26000,13000,0.763760203,270,41,4900,32,1.013857778,115.5823939,3900,4.002441367,89000,380.1388291,0.698086638,1.559279821
-121.3354,38.8063,101950,LLNL,0.74306369,31,45000,19000,0.714003748,220,4.468463329,6400,27,3.704004643,392.8051888,2100,3.012859374,45000,54000,0.887302835,2.007439542
-121.3354,38.8063,101951,LLNL,0.615886833,38,68000,30000,0.239367263,230,34,11000,46,1.715061507,647.2697256,2200,1.609045764,41000,83000,0.219763708,0.583358635
-121.3354,38.8063,101952,LLNL,1,98,67000,34000,0.268062026,310,27,14000,110,1.825177275,585.0734905,3600,2.200734917,42000,84000,0.406874802,1.012573643
-121.3354,38.8063,101953,LLNL,4.2,84,81000,66000,0.681420223,380,2.798877116,18000,22,0.518675145,4100,3700,5.8,50000,110000,7.5,2.352150806
-121.3354,38.8063,101954,LLNL,3.2,110,95000,48000,0.974085403,200,37,13000,28,2.946173939,228.9598535,1900,1.879759594,28000,120000,0.352107016,2.188177913
-121.3354,38.8063,101955,LLNL,0.117298098,78,43000,35000,0.055236905,270,17.54829899,8200,42,3.517036316,656.395962,2200,2.397670676,52000,49000,0.205600668,0.309804993
-121.3354,38.8063,101955,LLNL,0.486504081,60,40000,32000,0.753646946,310,9.501378732,8000,43,0.009101218,361.7327664,2500,4.542159539,53000,39000,0.646212335,2.307308952
-121.3354,38.8063,101956,LLNL,2.6,120,70000,63000,0.507047131,310,13.38320849,12000,0.415480743,1.302221367,9900,3200,3.896826891,50000,98000,2.4,3.6
-121.3354,38.8063,102062,LLNL,0.030524835,8,5300,17000,0.472169398,400,50,400,6.5,0.782358958,318.4313565,714.0328633,4.704550387,110000,196.0703688,0.79959457,9.2
-121.3354,38.8063,102062,LLNL,0.913309684,8.1,5300,17000,1.5,400,46,400,6,2.735287828,785.992154,494.8249166,4.103625263,1.00E+05,172.4659563,0.327327694,5.5
-121.3354,38.8063,102063,LLNL,0.388170272,3.7,3200,18000,0.155546974,560,32,440,4.3,4.395852239,129.0072836,367.3517494,1.427463198,86000,1800,0.077420238,5.8
-121.3354,38.8063,102063,LLNL,0.349633299,4.2,3600,15000,0.815493457,500,25,310,3.8,3.535575195,420.8746966,880.3648925,1.686190466,76000,436.0421611,0.203312958,5.5
-121.3354,38.8063,102063,LLNL,0.819606275,4.1,3600,14000,0.350419856,510,22,310,3.7,1.640973196,693.7471588,765.8652598,3.833447555,75000,1.516893506,0.198655597,4.9
-121.3354,38.8063,102064,LLNL,0.312307729,3.6,3600,14000,0.185508255,580,29,210,2.4,3.818064054,597.5525338,140.5121011,0.32320444,71000,200.2875403,0.530042448,4.2
-121.3354,38.8063,102064,LLNL,0.214791428,3.6,3600,13000,0.289607884,550,4.726995374,200,2.2,1.138457421,500.1060378,777.2085476,4.58137756,71000,403.7176806,0.925527832,3.6
-121.3354,38.8063,102065,LLNL,0.126414413,4.8,5700,18000,0.782952106,750,41,580,7.8,0.218427266,245.6410847,490.2280048,2.133549688,85000,470.6174154,0.028502403,7.4
-121.3354,38.8063,102065,LLNL,0.06405019,4.9,5500,17000,1.1,710,36,560,7.4,2.233893166,380.1302654,246.76651,3.171603235,83000,13.46334466,0.332568421,7
-121.3354,38.8063,102066,LLNL,2.2,12,8100,14000,0.491697307,610,18.97199228,1200,7.6,0.753230093,215.1390313,1300,1.598599538,74000,33000,2.07,1.905244053
-121.3354,38.8063,102066,LLNL,0.915715574,44,42000,2.00E+05,0.599491417,280,5.893854341,2600,21,2.893783533,296.933454,1800,0.724048368,110000,35000,0.197548096,0.072929466
-121.3354,38.8063,102066,LLNL,0.59277564,47,42000,2.00E+05,0.790792424,290,2.323734621,2600,21,0.408067174,372.6236307,2000,4.856416882,120000,36000,0.422159246,2.982911017
-121.3354,38.8063,102067,LLNL,0.259285208,96,56000,68000,0.517442618,360,21,9600,86,0.246026266,150.6605353,2000,3.598414154,62000,130000,0.826986857,2.138436728
-121.3354,38.8063,102067,LLNL,0.017455034,95,56000,68000,0.647845759,340,20,9800,87,4.537028349,839.4001725,2000,0.605190257,64000,130000,0.917208792,1.824914941
-121.3354,38.8063,102068,LLNL,2.6,100,3.00E+05,9.00E+05,0.27093975,280,260,66000,770,2.360875849,1323.197873,6800,2.160453624,280000,290000,0.838767401,2.738443945
-121.3354,38.8063,102068,LLNL,3.4,100,320000,870000,0.607695851,300,250,66000,800,3.668079943,138.2880976,8100,5.1,280000,320000,0.257880531,0.135551952
-121.3354,38.8063,102069,LLNL,0.935036265,9.5,16000,37000,0.47376244,320,18.27899988,5500,24,1.434540492,142.8862534,4000,3.841275012,120000,24000,0.638784021,2.176002898
-121.3354,38.8063,102069,LLNL,0.519586565,9.7,16000,37000,0.636404885,310,15.50340568,5500,24,2.729223489,904.2071381,4200,0.049476554,110000,24000,0.158121269,2.85878865
-121.3354,38.8063,102070,LLNL,0.98233575,23,58000,27000,0.439674196,310,30,13000,96,2.732818676,497.3990532,3500,0.192614223,41000,74000,0.302428475,2.875651855
-121.3354,38.8063,102070,LLNL,0.971775909,22,58000,25000,0.154798245,330,28,13000,97,1.997585107,505.4069037,3400,4.019727637,40000,73000,0.267268324,1.673924248
-121.3354,38.8063,102071,LLNL,0.413921284,47,61000,22000,0.045851975,440,15.08189149,14000,52,3.871973368,704.2987626,3600,3.90847764,41000,79000,18,5.5
-121.3354,38.8063,102071,LLNL,0.084332733,46,60000,22000,0.391798747,460,6.742442781,14000,52,4.416897155,334.991942,3400,0.709168522,40000,77000,18,5.1
-121.3354,38.8063,102072,LLNL,0.133834387,77,65000,37000,0.655337264,420,57,14000,43,3.399062147,230.2756465,3900,3.193500397,43000,77000,0.754849867,2.857270502
-121.3354,38.8063,102072,LLNL,0.976197018,74,65000,37000,0.44348348,430,56,14000,44,2.877948632,288.6664834,3800,0.568769481,42000,75000,0.296271681,1.436085065
-121.3354,38.8063,102073,LLNL,0.918395791,140,92000,59000,2.2,330,10.66667544,22000,1.546472886,3.198485563,42000,4200,3.549337051,53000,120000,9.6,4.6
-121.3354,38.8063,102073,LLNL,1.9,180,84000,54000,1.517147674,340,1.635582284,22000,1.075632207,4.716368011,43000,4000,1.285493223,51000,120000,7.5,7.1
-121.3354,38.8063,102073,LLNL,0.495375547,140,92000,56000,2.1,340,1.536213551,22000,1.570750962,0.333847889,42000,4100,2.775475741,52000,120000,9.3,4.2
-121.3354,38.8063,102074,LLNL,0.964291853,120,130000,120000,6,350,18.58839995,29000,0.504778222,0.508037085,28000,4100,11,58000,160000,16.5,4
-121.3354,38.8063,102074,LLNL,0.827953223,130,130000,120000,6,340,15.18001035,29000,1.355006807,0.84597844,28000,4200,11,59000,170000,15,4.1
-121.3354,38.8063,102075,LLNL,0.099621087,6.9,8200,11000,0.36705566,540,45,2200,14,2.924336938,1092.807682,2500,1.806169612,140000,328.5380045,0.305811605,0.94199318
-121.3354,38.8063,102075,LLNL,0.382414359,7.2,7900,12000,0.200862487,520,44,2100,14,3.284288563,375.6165674,2400,1.30537184,150000,314.1049822,0.532000638,2.74004176
-121.3354,38.8063,102076,LLNL,0.254839214,17,19000,20000,0.029540251,240,11.04574675,3600,16,3.070579919,735.9804219,2800,4.006516662,53000,11000,0.708194312,0.198480305
-121.3354,38.8063,102076,LLNL,0.482852502,17,20000,21000,0.031925351,220,6.51484462,3700,15,2.605930578,234.803513,2800,3.95313242,55000,11000,0.809659432,0.023129837
-121.3354,38.8063,102077,LLNL,0.811229837,20,18000,21000,0.435479441,280,17.57146666,3100,34,3.097632241,199.0554418,3100,1.639982008,61000,64.41782275,0.406291516,2.559062589
-121.3354,38.8063,102077,LLNL,0.359313444,19,17000,20000,0.892136426,290,17.32473804,2900,32,4.461055569,435.5711494,2900,3.760597855,58000,70.59681939,0.732719319,0.300296657
-121.3354,38.8063,102078,LLNL,0.17065368,24,25000,21000,0.277672657,250,18.02653818,6400,45,1.988528993,310.9651641,3500,2.443417725,46000,377.4405108,0.479690197,1.820161524
-121.3354,38.8063,102078,LLNL,0.098694965,24,26000,21000,0.801527362,240,3.033954361,6500,45,1.010700967,416.0804391,3600,1.065409762,46000,318.984369,0.982205358,1.445038748
-121.3354,38.8063,102079,LLNL,0.479595362,30,31000,21000,0.904286162,250,14.72357881,7900,23,0.454003107,662.9403347,2600,2.677179949,41000,261.7125049,0.930030311,2.379509675
-121.3354,38.8063,102079,LLNL,0.88413981,29,32000,22000,0.672911197,240,9.525925843,8200,22,3.297307881,362.3981425,2700,3.225630936,41000,386.6529735,0.445115325,2.816689739
-121.3354,38.8063,102079,LLNL,0.043064322,28,30000,21000,1.2,260,3.182324357,8100,22,0.398303811,224.0684685,3000,0.862745283,42000,46.52313213,0.086495488,0.657914216
-121.3354,38.8063,102080,LLNL,1.3,69,48000,21000,0.755797841,350,28,12000,52,3.07229373,506.5000638,3100,4.51352475,39000,52000,0.712553756,1.478922639
-121.3354,38.8063,102080,LLNL,1.4,66,50000,20000,0.081058505,340,28,12000,50,2.654564331,185.8597735,3200,1.303864545,40000,50000,0.931870357,2.802089386
-121.3354,38.8063,102081,LLNL,14,650,51000,4200000,0.179860752,740,820,37000,49,4.967977057,3908.887178,23000,62,2500000,298.3644746,1.893386059,0.192944323
-121.3354,38.8063,102081,LLNL,15,680,50000,4200000,0.321630758,720,490,35000,51,3.141398903,2740.072681,30000,70,2500000,129.5549221,0.354986928,2.103392816
-121.3354,38.8063,102081,LLNL,13,720,49000,4200000,1.452185367,790,480,35000,47,4.210687437,61.3338904,20000,61,2400000,358.4249587,1.923547221,0.288852281
-121.3354,38.8063,102082,LLNL,5.4,190,38000,1500000,0.43101663,620,190,15000,43,1.91028123,1400.620916,21000,24,1.00E+06,434.3436828,0.560759143,1.258763318
-121.3354,38.8063,102082,LLNL,5.4,200,33000,1400000,0.30341126,580,180,13000,46,4.866011488,332.8143034,16000,25,910000,415.9151138,0.191747816,1.304958117
-121.3354,38.8063,102082,LLNL,4.4,200,33000,1500000,0.190066935,570,170,13000,44,1.690862882,489.2949922,17000,20,9.00E+05,396.6964463,0.504259309,0.308474273
-121.3354,38.8063,102083,LLNL,1.7,94,16000,120000,2,370,230,13000,44,3.833156847,257.8681673,29000,5,410000,115.4918227,0.389419032,1.198193501
-121.3354,38.8063,102083,LLNL,1.5,92,17000,120000,0.055599059,370,220,12000,42,3.577486665,225.9982767,28000,1.530112432,4.00E+05,91.32903209,0.526911217,0.508586739
-121.3354,38.8063,102083,LLNL,1.9,98,16000,120000,2.6,350,210,12000,48,4.440349602,539.8400227,30000,0.762148144,450000,229.0195718,0.509518251,1.258131381
-121.8278,39.4634,102084,LLNL,1.5,44,27000,36000,0.418662826,210,83,10000,61,2.43817349,952.6762268,11000,3.473654119,190000,467.3085323,0.960284912,1.623599946
-121.8278,39.4634,102084,LLNL,1,42,27000,35000,0.853272242,220,83,10000,59,0.626988822,318.3897779,11000,2.606514655,180000,471.0661913,0.535459123,0.354857111
-121.8278,39.4634,102084,LLNL,0.061347045,43,26000,36000,0.082353909,220,80,10000,58,1.400880053,77.17799961,10000,4.436758378,170000,215.88802,0.229349309,0.712346138
-122.117,39.5856,102085,LLNL,26,200,2.00E+06,1.40E+07,0.295016719,89,4200,1.00E+06,830,11,18724.96384,1.00E+05,30,4700000,1700000,0.448982123,0.731113227
-122.117,39.5856,102085,LLNL,22,230,1900000,1.30E+07,5.752311104,87,4200,1.00E+06,1100,7.293226221,1933.983866,180000,99,4600000,1800000,2.738635772,2.171377509
-122.117,39.5856,102085,LLNL,7.5,200,1800000,1.30E+07,0.550450028,85,4200,940000,880,13,709.2711998,170000,28,4300000,1650000,0.408450394,1.031711751
-122.0326,39.5595,102086,LLNL,12,220,940000,4400000,0.107014465,160,1800,270000,890,5.1,3602.007136,55000,10,1400000,560000,0.041484674,1.14815159
-122.0326,39.5595,102086,LLNL,5.7,220,980000,4400000,0.851110972,150,1800,280000,1100,11,649.3895058,54000,25,1400000,620000,1.088696458,1.348391298
-122.0326,39.5595,102086,LLNL,2.6,220,920000,4300000,0.357792559,150,1700,260000,1000,5.4,1335.010646,54000,8.7,1400000,570000,0.318259781,0.101323805
-121.9083,39.5771,102087,LLNL,4.7,27,52000,130000,0.625020564,270,12.13743846,15000,70,2.920904664,11000,5600,3.342414545,150000,180000,1.11,3.6
-121.9083,39.5771,102087,LLNL,4.9,31,51000,140000,0.1779769,250,11.96429887,14000,76,3.979861949,14000,5700,4.503278553,140000,190000,1.05,4.9
-121.9083,39.5771,102087,LLNL,6.4,36,53000,140000,0.848987041,200,0.438144894,14000,77,1.8940316,14000,5900,4.383911192,150000,190000,0.805592095,3.1
-121.8773,39.745,103009,LLNL,1.6,58,86000,29000,0.492938084,310,530,13000,30,1.658913203,804.243074,2800,4.18237719,22000,120000,4.725,1.781613784
-121.8773,39.745,103009,LLNL,1.3,59,84000,29000,0.507652902,280,530,13000,24,4.601849536,292.1428094,3200,0.893173486,22000,110000,6.75,0.898618279
-121.8773,39.745,103009,LLNL,1.5,58,79000,30000,0.577221059,320,470,13000,28,0.527839402,20.09797085,3000,4.239420927,20000,110000,4.65,1.958608047
-121.8649,39.7618,103010,LLNL,3.3,63,63000,16000,2.8,300,19.78103697,11000,11,4.871009102,5800,3500,1.714739696,24000,65000,12.075,5
-121.8649,39.7618,103010,LLNL,3.7,100,72000,18000,2.4,300,11.55457207,12000,2.7,1.526205121,5300,2800,1.647564273,19000,73000,13.35,4.6
-121.8649,39.7618,103010,LLNL,2.3,91,69000,17000,2.6,290,11.467336,12000,6.1,2.862692479,5900,3000,3.280057211,18000,69000,7.65,5
-121.8649,39.7618,103010,LLNL,6.5,94,68000,17000,2.8,330,9.524126681,12000,4,4.779216237,4900,3000,1.389276035,18000,70000,24,4.1
-121.8489,39.7648,103011,LLNL,1.7,170,1.00E+05,46000,1.4,270,17.17715055,17000,2.4,2.453443359,11000,4000,1.459805679,25000,120000,7.8,4.8
-121.8489,39.7648,103011,LLNL,1.6,160,110000,46000,1.5,260,15.49323624,18000,0.004898991,1.738548833,11000,3900,1.576272479,24000,120000,7.65,4.6
-121.8489,39.7648,103011,LLNL,2,160,1.00E+05,48000,1.4,280,4.843150405,18000,1.755011604,0.644732976,11000,3800,0.826932982,24000,120000,6.9,4.6
-121.8489,39.7648,103011,LLNL,1.8,180,98000,46000,1.6,290,2.882700041,16000,1.169500456,4.134455377,11000,3700,3.157400136,23000,120000,6.9,4.2
-121.8489,39.7648,103011,LLNL,1.8,180,1.00E+05,47000,1.3,270,1.261483761,16000,1.125684107,3.478549185,11000,3600,4.001839565,24000,120000,7.275,4.3
-121.8523,39.7588,103012,LLNL,2,40,68000,98000,0.683997855,340,12.95128775,15000,16,1.159776074,12000,4500,4.427420028,84000,110000,1.11,4.1
-121.8523,39.7588,103012,LLNL,2.2,37,66000,96000,0.775149976,340,3.417267702,15000,13,4.808488106,11000,4800,2.867369617,88000,110000,1.5,4.4
-121.864,39.7574,103019,LLNL,2.6,110,1.00E+05,66000,1.3,290,13.44736647,18000,100,0.618871602,12000,12000,3.145665964,63000,150000,12.075,4.5
-121.864,39.7574,103019,LLNL,3.2,110,93000,59000,0.213809283,290,11.93585366,17000,140,3.670470465,9900,14000,2.434716994,61000,140000,14.925,4.7
-121.864,39.7574,103019,LLNL,4,130,73000,76000,2.2,340,8.469483647,14000,76,4.40374503,9600,16000,2.858969343,87000,150000,16.5,8.7
-121.864,39.7574,103019,LLNL,3.2,120,90000,69000,0.584515523,300,6.884919526,16000,120,3.63144101,9700,13000,2.525786883,76000,140000,15,4.8
-121.8378,39.7353,103020,LLNL,2.2,44,46000,89000,1.1,500,13.83495486,13000,24,1.127415861,7000,5100,2.341661559,70000,76000,1.11,5.2
-121.8378,39.7353,103020,LLNL,2.1,38,53000,93000,0.485312165,460,11.51682514,15000,21,0.623742293,9200,6200,1.247942302,77000,92000,1.11,3.8
-121.7704,38.5744,103029,LLNL,15,67,42000,3700000,0.206303347,120,370,46000,36,3.924345865,305.6505047,37000,77,2200000,465.0687258,0.226829231,0.883541568
-121.7704,38.5744,103029,LLNL,16,67,42000,3600000,3.963298158,120,340,47000,39,3.95838739,2553.895272,35000,73,2200000,204.9256532,3.431658247,9.70396542
-121.7571,38.5318,103030,LLNL,1.5,28,21000,440000,1.6,230,230,12000,47,4.316344322,1051.730558,16000,6.6,590000,88.99401862,0.245403674,3.2
-121.7571,38.5318,103030,LLNL,1.7,26,22000,420000,1.6,210,230,13000,48,4.125863411,527.278308,20000,6.6,6.00E+05,244.4468626,0.084618755,2.951140317
-121.7782,38.5472,103034,LLNL,0.01456088,63,75000,31000,0.399169139,390,24,16000,33,0.182385612,703.8291564,3100,2.781613189,46000,110000,8.85,2.383885944
-121.7782,38.5472,103034,LLNL,0.565127713,67,74000,30000,0.875645147,380,23,16000,35,3.174536901,675.9747866,3000,1.228376662,46000,110000,9.3,2.631225184
-120.7992778,37.75711111,CE-QPC-01,USGS,1.2,43.2,24400,8890,0.96,80,1.095345379,10200,0.381141958,0.160704222,4340,2650,0.037524275,15600,10500,0.312,7.3
-120.7455,37.64116667,CE-QPC-02,USGS,3.9,125,30500,18900,1.2,170,37.1,19600,3.2,0.27,6800,4490,0.06,18900,10500,1.095,19.7
-120.7455,37.64116667,CE-QPC-02,USGS,4.3,91.5,22100,11400,1.8,170,3.232143019,14400,0.076951892,0.43,3990,3950,0.11,18400,10400,0.7995,17.9
-121.3289722,38.28752778,COS-08,USGS,19.3,152,9470,7720,0.17189856,80,102,6460,154,0.102613933,238,1230,0.07,29800,3450,0.2085,3
-121.3289722,38.28752778,COS-08,USGS,21.5,136,9430,7420,0.026306083,90,81,6150,132,0.095307361,176,1350,0.07,30200,3080,0.159,1.5
-121.2266944,38.21766667,COS-10,USGS,1.5,170,36800,23800,5.3,120,1.150005841,20400,0.399421601,0.48,4590,3480,0.27,17400,9560,0.3225,20.2
-120.2486056,36.65091111,DM-01,USGS,15.7,14.2,15000,56700,0.022145211,850,40.1,1550,93.1,0.07,4.31301808,2290,0.025271053,205000,319000,2.1,0.42
-120.8532483,37.05272323,DM-03,USGS,7.1,65.5,52100,92500,30.55,120,5.466801616,28600,0.175640541,0.47,4660,2370,0.95,76100,77400,3.165,12.1
-120.63625,37.04547222,DM-04,USGS,9.6,294,46900,79900,0.038476855,100,40.1,18300,583,0.41,30.79573386,1980,0.003780413,52800,42500,1.68,0.18
-121.1215,37.47511111,DM-06,USGS,1.2,25,88100,204000,28.35,240,9.7,69600,1.03,0.54,4560,1950,8.1,126000,338000,6.42,6.1
-120.9574722,37.14563889,DM-07,USGS,1.8,68.8,44700,197000,11.7,280,10.5,29900,1.11,0.47,4080,1490,0.69,141000,74000,1.95,9.7
-121.0074214,37.10049861,DM-08,USGS,2,82,63600,258000,2.4,360,4.3,41000,0.131564668,0.43,2580,1980,0.36,185000,143000,3.03,4.8
-120.9943056,37.25183333,DM-10,USGS,2.3,47.9,59900,326000,1.65,180,1.385132781,34800,25.7,0.213985969,2140,2320,1.6,255000,225000,1.83,5.7
-121.1766032,37.56243149,DM-11,USGS,1.3,48.5,73700,304000,19.8,130,10,128000,1.1,1.9,17700,2620,6.8,125000,280000,3.015,5.9
-121.2878611,37.60991667,DM-12,USGS,0.43,26.3,84400,129000,11.7,170,7.1,30900,0.308003438,0.36,7650,2130,4,127000,196000,3.975,2.2
-121.2878611,37.60991667,DM-12,USGS,0.5,20.9,70500,105000,9.55,170,6.4,26800,0.573633576,0.33,6020,2040,4.5,118000,210000,3.885,2.2
-120.8279444,36.98266667,DM-13,USGS,1.7,46.3,87800,264000,0.211483545,170,61.3,43200,237,0.53,23.25851727,2920,0.136130134,179000,334000,0.08205,0.52
-120.9835,37.35619444,DM-14,USGS,1.2,40.5,158000,429000,24.4,240,5.920206081,112000,0.776633526,1.1,2600,3860,1.6,314000,737000,12.87,4.4
-120.6581667,36.915,DM-15,USGS,2.1,13.4,214000,124000,0.147172866,180,3.294871978,72600,493,2.3,32,3360,0.38,207000,1080000,5.4,0.720951928
-120.6565278,37.01133333,DM-16,USGS,5,346,76200,535000,0.229412212,130,82.5,39900,872,0.76,19.73627328,2980,0.082238173,248000,84200,0.996,3.3
-120.8598056,36.70502778,DM-17,USGS,1.2,12.1,40900,1350000,2.658816114,450,4.48051617,43,3.92,2.598042161,30.30696668,5660,0.226908505,741000,5330,0.074534699,9
-120.7595,36.84930556,DM-18,USGS,1.5,24.6,162000,846000,0.772993409,240,3260,114000,163,1.6,6.957810009,5780,0.013928716,344000,509000,0.005425479,2.1
-120.6739444,36.83638889,DM-19,USGS,0.86,11.3,83500,147000,5,340,2.646864446,39600,1.42,1.6,1220,1970,7.9,218000,545000,4.095,5.6
-120.6739444,36.83638889,DM-19,USGS,0.7,12,91800,153000,5.7,290,2.063351736,38900,0.96,0.4,1250,1960,8,227000,553000,4.35,4
-120.6739444,36.83638889,DM-19,USGS,0.73,13.5,92100,170000,6.2,300,0.116303796,39100,1.05,0.45,1310,1800,8.6,214000,616000,4.98,4.5
-121.0846944,37.37436111,DM-20,USGS,0.84,27.9,168000,164000,16.6,150,3.9,86700,0.002436032,2.4,20000,2450,28.9,99600,555000,2.85,4.5
-121.2639722,37.54566667,DM-21,USGS,0.76,25,47500,112000,2.9,510,131,44700,1.9,0.35,5890,2410,1.3,152000,220000,2.79,3
-121.2639722,37.54566667,DM-21,USGS,0.79,27.1,52900,107000,1.1,480,87.5,46200,6.83,1,4560,2510,2.2,142000,258000,2.865,2.6
-120.56375,36.89252778,DM-22,USGS,9.3,31,310000,1050000,0.32,120,187,135000,3190,3.8,4.683024418,8170,0.09,594000,1.00E+06,4.17,3.9
-120.8080556,37.03744444,DM-23,USGS,9.4,86.5,41600,82000,31,200,1.381002393,26800,4.62,0.46,2660,1850,5.8,90300,102000,4.92,19.7
-120.5830556,36.98552778,DM-24,USGS,3.7,127,101000,390000,0.12,90,1160,57100,2680,1.9,35.10012073,4080,0.04,220000,213000,0.4695,1.2
-120.7079167,37.08430556,DM-25,USGS,7.6,57.4,35800,149000,0.07,150,270,18200,617,0.42,7.552795019,1580,0.04,128000,77400,1.635,0.81
-121.0184444,37.17347222,DM-26,USGS,1.2,50.1,78800,119000,13.7,220,23.7,45000,1.37,0.67,4720,1710,0.49,92300,109000,4.74,6.6
-121.0184444,37.17347222,DM-26,USGS,1.1,40.8,75600,128000,13.1,220,10.4,42800,2.23,2.1,5880,1460,0.73,112000,128000,4.53,6.1
-121.0184444,37.17347222,DM-26,USGS,1.4,53.5,88500,136000,13.5,280,7.4,47800,1,1.5,7060,1590,0.83,99000,139000,5.04,6.6
-120.8206111,37.10138889,DM-27,USGS,6.1,17.2,82500,297000,0.070361469,170,918,46000,709,0.064430969,23.35872082,2800,0.14,424000,729000,0.6045,0.35
-120.8206111,37.10138889,DM-27,USGS,7.9,19.2,51700,473000,0.24,220,63.2,18400,363,0.65,30.97304848,3270,0.05,535000,610000,0.39,2.8
-120.7579444,37.16080556,DM-29,USGS,15.6,223,114000,235000,0.054484027,130,11200,42300,4750,1.7,23.4596258,3310,0.09,151000,216000,0.9165,0.4
-120.8343608,37.10355552,DM-U-01,USGS,13.4,66.2,85700,194000,0.033640706,180,122,54100,335,0.52,11.43685538,2150,0.015929235,110000,264000,13.2,0.4
-120.9774278,37.35021503,DM-U-02,USGS,0.92,13.7,127000,429000,14.9,200,3.2,129000,1.52,1.1,1570,3220,1.7,321000,696000,35.1,3.6
-120.9774278,37.35021503,DM-U-03,USGS,3.3,83.7,164000,467000,5.65,270,3.2,131000,0.086439752,2.8,13000,2950,6.4,331000,802000,57.3,8
-120.8999278,37.01728056,DM-U-04,USGS,5.1,68.7,46600,63100,0.95,240,4.949664881,28000,3.98,0.55,1980,2600,0.61,47900,75100,1.125,6.2
-120.8999278,37.01728056,DM-U-05,USGS,7.4,72.8,51300,79900,5.3,210,4.9,24300,3.17,0.54,2610,2270,0.47,57200,62900,1.815,7.2
-120.8999278,37.01728056,DM-U-06,USGS,9.7,57,42600,47100,1.8,210,1.745459212,20200,5.42,0.65,1460,2990,0.61,55700,67700,1.995,6.7
-120.6701639,36.88959444,DM-U-08,USGS,7.9,41.7,47900,256000,0.58,360,7.6,18100,130,0.93,15.61578151,2810,2.5,217000,152000,5.01,8
-120.6701639,36.88959444,DM-U-09,USGS,0.42,17.3,240000,322000,9.05,240,5.920644416,89300,25.1,1,12700,2590,6,223000,916000,3.3,2
-120.3722028,36.78068056,DM-U-11,USGS,9.5,30.9,33900,96400,0.09,400,75.7,13100,366,2,25.10141667,4510,0.12,136000,81700,6.48,1.9
-121.0875556,37.29069444,DM-U-13,USGS,7.2,53.5,21600,23700,1.245,350,2.492741859,10700,5.54,0.83,14000,4330,0.69,47500,21700,0.4545,21.2
-121.0994722,37.43161111,DM-U-14,USGS,1.8,38.9,87700,118000,10.6,170,4.687334837,55100,13,2.8,11500,3280,8.1,109000,296000,3.51,6.6
-121.0994722,37.43161111,DM-U-15,USGS,1.3,33.4,64100,62000,6.9,530,0.223037567,29200,1.06,2.1,13400,1050,1.4,87000,121000,13.38,3.5
-121.0994722,37.43161111,DM-U-16,USGS,1.8,27.4,1.00E+05,135000,18.4,520,5.316912618,62200,4,2.7,12900,2190,11.6,142000,422000,4.95,5.3
-121.0875556,37.29069444,DM-U-17,USGS,14.6,387,46800,31300,1.25,300,1730,17500,667,7.3,15200,4880,0.86,71400,51000,2.475,32.5
-121.4358056,39.01633333,ESAC-01,USGS,0.88,64.1,29100,31700,3.2,140,4.179356252,21400,0.093623789,0.25,4330,1060,1.1,21200,27100,0.1545,10.6
-121.4358056,39.01633333,ESAC-01,USGS,1.2,65.8,28100,55000,2.9,150,3.393323775,18400,0.218449818,0.141365341,2120,1400,0.71,34000,26100,0.1425,13.1
-121.8094444,39.72811111,ESAC-18,USGS,0.67,20.9,18700,5390,0.97,60,4.243981631,11700,0.343098357,0.095099664,672,2460,0.005408378,11600,2620,0.39,21.8
-121.7556944,39.14563889,ESAC-19,USGS,8.8,151,39900,11500,6.7,250,3.765973414,18400,0.066462795,0.00155507,537,3540,0.58,25100,24000,1.368,23.2
-121.7556944,39.14563889,ESAC-19,USGS,9.2,141,40100,11600,7.2,240,3.077647353,18400,0.080939658,0.08634414,576,3470,0.58,24100,24500,1.47,24.4
-121.5926667,39.15472222,ESAC-27,USGS,5.7,49.1,41400,19100,1.4,70,4.756775484,31800,4.33,1.2,1110,1630,0.46,22000,24100,3.15,10.6
-121.6933056,39.36655501,ESAC-28,USGS,10.3,49.9,25200,5320,7,120,0.032227521,27200,0.022239516,0.101580161,1620,2630,0.1,15400,7430,1.635,26.5
-121.7541423,39.48599742,ESAC-34,USGS,5.8,110,58200,10900,4.9,100,45.3,39600,2.56,0.051136287,711,1790,0.31,28500,40000,5.175,42.5
-121.7541423,39.48599742,ESAC-34,USGS,5.5,111,51300,13500,4.5,100,4.531626519,35300,0.031990807,0.097332457,821,1840,0.34,26800,36800,4.29,40.1
-121.2666667,37.81683333,ESJ-01,USGS,17.3,289,58000,62400,2.7,140,7.5,13500,5.32,0.36,3630,3830,0.77,46700,19300,6.465,15.1
-121.2666667,37.81683333,ESJ-01,USGS,16.3,348,65100,72000,2.6,110,1.736304471,15300,1.04,0.67,4430,4010,0.83,48600,22200,7.65,15.5
-121.2666667,37.81683333,ESJ-01,USGS,17.8,294,60300,63500,3,140,1.173034031,14000,0.31,0.41,3520,4080,0.66,45700,20600,6.15,17.3
-121.28025,38.10113889,ESJ-06,USGS,3.1,119,36300,17400,4.7,110,11.8,15500,0.043943349,0.78,3690,7660,0.3,22300,16600,4.605,28.9
-121.28025,38.10113889,ESJ-06,USGS,4.3,95.7,30100,14300,5.4,140,4.996618349,13000,0.075285346,0.031322181,2770,7430,0.34,19200,14400,3.3,32.4
-120.9786667,37.79963889,ESJ-08,USGS,3,69.5,14400,7820,4.9,230,0.159476502,8060,0.206343541,0.24,3810,2950,0.17,16100,3080,0.1479,27.9
-121.3423056,38.05055556,ESJ-10,USGS,5.1,214,42800,16000,0.35,90,6.1,12700,26.2,0.52,701,4540,0.35,18700,17000,6.015,16.1
-121.4222222,38.22444444,ESJ-11,USGS,8.1,114,19600,30000,0.128439737,120,67.1,9280,108,0.22,31.84972106,1330,0.045998127,80400,290,0.010415007,0.13
-121.3728056,38.14691667,ESJ-14,USGS,1.7,103,28100,12700,0.39,120,42.8,11800,131,2.1,32.85885727,2080,2.4,32200,13700,1.287,2.4
-121.2686667,38.00080556,ESJFP-10,USGS,3.3,85.9,31300,6920,6.3,80,0.360888476,18100,0.24,0.265157598,1370,6030,0.8,14300,16100,2.67,26.1
-118.8250833,35.21336111,KERN-02,USGS,36.1,57.3,19300,39100,0.56,300,1.818201342,1570,2,0.22,6060,1630,1.9,60900,33800,0.651,32.5
-118.8250833,35.21336111,KERN-02,USGS,29.5,70.7,30800,47500,0.66,280,1.040487754,2460,1.76,0.095163794,9070,2260,2.1,77800,42700,0.684,29
-118.9141667,35.23872222,KERN-03,USGS,7.4,84.3,67200,67300,3.6,150,8.3,11300,1.45,0.41,5610,3850,2.4,86600,118000,5.835,10
-119.2565833,35.22933333,KERN-20,USGS,140,12.2,7330,35900,0.054070543,3080,8.1,295,4.41,0.034542603,21.48502273,580,0.083674483,102000,1.00E+05,1.023,11.5
-119.4391389,35.47183333,KERN-21,USGS,1.4,71.2,133000,249000,4.3,50,86.8,366,64.7,1.6,11900,620,2.1,177000,357000,1.95,4
-119.4391389,35.47183333,KERN-21,USGS,1.2,66.7,186000,318000,5.4,40,22.1,595,1.69,2.1,15400,780,1.5,236000,358000,23.1,3.8
-119.1753333,35.74286111,KERN-29,USGS,5.2,72.4,12400,2930,0.42,190,2.776333422,2380,0.318291649,0.048181392,474,1900,0.016217223,23400,6870,0.6075,45.6
-119.1753333,35.74286111,KERN-29,USGS,5.3,76.5,12200,2900,0.41,180,1.894414536,2480,0.10503976,0.095447084,277,1970,0.032087894,24100,8530,0.666,41.5
-118.9153889,35.28327778,KERN-33,USGS,0.13,85.4,37800,19400,0.075093776,300,2.288711579,7340,3.88,0.33,560,3940,0.45,41300,42400,0.42,0.041243891
-119.3011111,35.30136111,KERN-34,USGS,1.2,43.4,51600,39000,1.1,80,0.94384274,1490,0.167149267,0.3,1050,830,0.51,55300,37000,26.85,5.9
-119.0816944,35.30088889,KERN-42,USGS,1.5,62.8,53100,13900,1.6,140,4.2,5450,1.37,0.37,3720,2440,0.22,29300,26300,7.5,5.4
-119.2973333,35.47997222,KERN-45,USGS,3.3,94.1,70700,141000,3,80,16.1,266,0.7,0.41,4650,1900,1.5,111000,182000,0.75,7.7
-119.2009444,35.44272222,KERN-47,USGS,1.5,32.2,35700,24800,1.1,60,157,90,4.5,0.23,3820,1680,1.2,83100,145000,1.1355,2.5
-120.0405278,36.60647222,KING-04,USGS,8.2,29.5,27700,87800,2,200,16.4,1660,2.84,0.068162067,3900,8720,1.1,114000,34800,37.65,13.7
-120.0405278,36.60647222,KING-04,USGS,6.8,17.5,17900,60700,1.6,210,1.96989427,1090,0.28,0.064431534,2520,7240,0.66,86900,22400,21.9,22.1
-119.3783889,36.54047222,KING-11,USGS,2,76.2,30500,68800,2.2,130,0.556428173,18800,0.087581459,0.140263473,4100,2380,0.3,53500,8880,0.7365,53.1
-119.4679167,36.59561111,KING-13,USGS,3.5,43.1,22900,8830,1.1,150,5.9,8150,5.01,0.085515154,1730,1980,0.17,21800,6610,0.4575,52.7
-119.4679167,36.59561111,KING-13,USGS,2.9,58.2,26800,13600,2,160,3.627990216,9580,0.21,0.144858989,3050,2350,0.35,26600,5590,0.6,48.9
-119.8132222,36.73216667,KING-15,USGS,1.6,59.7,31800,17900,11.7,90,3.568222753,16400,0.351351453,0.31,6540,6300,0.28,22300,11200,4.455,15.2
-119.7976667,36.69930556,KING-17,USGS,2.7,49.1,22600,12400,6.8,120,3.796173837,11300,0.192533045,0.155435925,4650,3410,0.31,26700,4250,1.8,38.7
-119.7976667,36.69930556,KING-17,USGS,2.5,51.5,23700,15400,6.2,120,0.412091845,12300,0.061994043,0.048727336,4590,3420,0.27,27800,4730,2.55,40
-119.5010556,36.73219444,KING-20,USGS,1.2,6.56,13300,1750,0.35,40,0.808052287,8390,0.008721763,0.143020393,2090,1770,0.021961052,7080,8760,1.368,4.2
-119.6981944,36.73825,KING-24,USGS,1.2,63.7,29700,6520,1.4,120,2.096869186,19200,0.001708066,0.054063434,3930,2380,0.048980498,18100,16400,1.545,26.8
-119.6981944,36.73825,KING-24,USGS,1.1,100,43400,8620,1.7,140,1.583080726,28500,0.48,1.1,6740,3100,0.04,23800,30200,3.705,23.8
-119.7359444,36.71077778,KINGFP-03,USGS,2.5,42.1,15400,9720,5.2,150,5.419689714,5200,0.072471971,0.023544756,3540,1620,0.23,36700,3570,0.96,43.1
-119.1038333,36.20677778,KWH-06,USGS,1.8,257,71500,172000,4,130,108,37900,4.91,0.082367379,10200,4240,0.8,58000,26600,1.389,19.4
-119.0560556,36.14744444,KWH-10,USGS,2,136,40400,37900,2,160,2.383747417,18800,0.208057903,0.28,14100,3560,0.39,61800,36200,3.15,33.4
-119.0560556,36.14744444,KWH-10,USGS,2.2,130,40500,35100,2.2,190,1.471645406,19200,0.053988128,0.189080382,14700,3800,0.46,62300,34600,3.375,34.8
-119.3380278,36.16258333,KWH-11,USGS,4.4,9.11,1950,20200,0.237168274,1100,91.7,53,4.4,0.03852014,13.51255934,290,0.008631378,78300,7790,0.05265,1.1
-119.3401111,36.20627778,KWH-12,USGS,0.62,33.5,20300,11900,1.9,100,8.8,590,0.3,0.052227902,3700,1480,0.34,27700,16600,4.425,6.8
-119.3401111,36.20627778,KWH-12,USGS,0.6,34.3,20100,11400,1.7,90,8,638,0.59,0.110428254,3690,1470,0.33,29000,15100,3.9,6.6
-120.1058889,36.93113889,MADCHOW-01,USGS,0.75,182,48700,25200,1.3,90,2.374835589,15500,0.57,0.8,3880,6390,0.06,27500,14400,8.76,14.8
-120.1096111,36.99086111,MADCHOW-02,USGS,1.7,54.4,15400,16300,2.8,170,12.2,4530,0.6,0.264447438,2160,3040,0.12,19300,3130,0.2895,25.1
-120.0646067,36.96300227,MADCHOW-03,USGS,1.2,50.9,16600,17400,0.98,120,1.839037994,4630,0.080429361,0.085014867,776,2780,0.09,20800,4050,0.186,19.1
-120.0646067,36.96300227,MADCHOW-03,USGS,1.3,55.4,17300,16900,1.4,110,1.137344801,5310,0.014314858,0.009095374,1150,3240,0.12,20600,4320,0.2415,20.9
-120.0646067,36.96300227,MADCHOW-03,USGS,1.1,52.2,17600,17700,0.409927479,110,0.801982279,5320,0.358924571,0.123284094,1130,2860,0.1,22300,4150,0.2295,19.1
-119.8248056,36.84488889,MADCHOW-04,USGS,2,12.4,14800,3880,0.123386172,100,7.959243522,5800,0.81,0.099187363,265,3180,0.040591242,11800,2270,1.545,6.9
-119.8248056,36.84488889,MADCHOW-04,USGS,2.2,12.5,13600,3990,0.65,110,4.065266551,5460,0.21,0.102763002,423,2860,0.02,11700,2730,1.635,7
-119.9849444,37.05575,MADCHOW-05,USGS,5.8,91.8,38400,21400,1.6,210,7.118125255,4620,30,1.3,324,2380,0.11,36500,22800,0.1095,3.4
-119.9849444,37.05575,MADCHOW-05,USGS,2.6,81.1,19900,15000,1.6,240,2.116527114,6600,1.92,0.099404399,2880,1860,0.77,24200,7430,0.282,19.6
-119.7280833,36.97772222,MADCHOW-06,USGS,2.2,37.1,32800,21700,0.69,130,6.80229759,3290,0.185728696,0.077779947,4180,4360,0.28,42900,22500,12.975,22.7
-120.0619167,37.13247222,MADCHOW-07,USGS,10.8,66.1,27800,13300,1.2,340,2.99393102,8510,0.093407862,0.130224864,4070,2190,1.6,23600,24300,0.249,19.6
-120.15175,37.10319444,MADCHOW-08,USGS,12.6,98.4,24100,33900,0.98,160,0.014088931,6310,6.46,0.119306628,535,4520,0.93,22700,7780,2.67,2.6
-120.2899722,37.09083333,MADCHOW-09,USGS,0.79,329,78400,58100,3,150,17.6,23500,4.69,0.37,10300,2710,0.3,34300,18300,6.36,13
-120.2590556,37.11891667,MADCHOW-10,USGS,2.2,112,15400,20500,1.9,150,8.523990363,3500,2.26,0.087193763,468,7050,0.11,22200,3030,0.1545,9.4
-120.2590556,37.11891667,MADCHOW-10,USGS,2.2,118,13600,19500,2,150,3.311993143,3320,3.37,0.031979306,496,6350,0.12,18900,2970,0.1755,9.3
-120.1474722,37.09477778,MADCHOW-11,USGS,7.9,98.8,25100,33800,1.4,140,4.665373692,6120,29.5,0.085738504,1000,4120,0.54,25200,11000,0.555,4.7
-120.4881389,37.13316667,MADCHOW-12,USGS,20.3,868,64500,506000,0.099907676,86.87249039,85.7,16100,420,0.042724654,28.8263305,2000,0.09,258000,880,0.012165,0.33
-120.4880278,37.13325,MADCHOW-12R,USGS,22.2,548,47200,399000,0.747708876,60,84.9,12300,286,0.118231552,31.05778541,1750,0.044290552,237000,3600,0.022771066,0.026034099
-120.1286944,36.87352778,MADCHOW-13,USGS,3.8,31.1,7380,16600,2.9,130,6.469771342,2610,0.22,0.144552086,854,1580,0.13,33000,3310,0.147,44.9
-120.0738333,36.85208333,MADCHOW-14,USGS,2.3,51.6,13100,15500,4.4,120,3.626935627,5020,0.29,0.107545715,1240,1720,0.16,16400,2700,0.237,24.7
-119.8113889,36.89780556,MADCHOW-15,USGS,2.1,42.6,8410,9060,0.057731656,210,1.298581015,3580,0.170670985,0.166012607,867,3210,0.08,19700,1910,0.18,8.4
-120.0619167,37.01980556,MADCHOW-16,USGS,2.6,118,16600,21300,2.2,200,3.318836927,4970,1.5,0.007193177,1030,2870,0.13,23500,3540,0.186,21.8
-120.0349722,36.92411111,MADCHOW-18,USGS,0.92,172,39000,22600,1.1,150,7.732304925,13000,0.23,0.035168062,5960,6280,0.07,32100,26900,1.4385,16.2
-119.7603056,36.92741667,MADCHOW-19,USGS,3.8,97.1,17600,15000,1.4,150,0.571805034,8120,0.018593968,0.016467384,1750,4400,0.34,17800,8440,0.4545,13.1
-120.2824444,36.88391667,MADCHOW-20,USGS,2.6,159,102000,61400,3.5,100,3.759053959,27000,0.082004914,0.45,6000,5390,0.38,63500,62000,53.4,14.3
-119.7951111,36.96633333,MADCHOW-21,USGS,2,118,18700,10100,1.1,200,3.875096679,7100,0.39,0.057012965,5430,1870,0.31,21700,2870,0.4095,29.2
-120.47475,37.08036111,MADCHOW-22,USGS,7.4,507,24200,25200,0.113744337,160,7.686727542,3110,24.9,0.031342284,1550,1810,0.34,28000,4390,0.777,27.1
-120.5288889,37.07361111,MADCHOW-23,USGS,16.2,164,7170,22900,0.017118538,290,3.177477907,1470,10,0.050578526,326,1530,0.09,55400,4700,0.6015,108
-120.3361667,37.01138889,MADCHOW-24,USGS,1.9,58.9,23000,29100,8.6,120,4.377364459,4500,0.83,0.026235777,2780,2150,0.24,26900,4940,1.545,23.9
-120.2830278,36.94466667,MADCHOW-25,USGS,1.6,557,181000,120000,1.4,100,6.558910916,57400,0.021697282,1.9,38600,7010,0.1,85800,35900,88.5,20.1
-120.3731389,36.92336111,MADCHOW-26,USGS,2.7,252,135000,222000,3,130,1.929836772,35000,0.195829481,1.2,3000,6860,0.24,81600,60400,48,13.7
-120.1735556,36.8185,MADCHOW-27,USGS,6.3,236,35400,19400,0.53,160,0.603931382,8670,0.098956515,0.164261509,1160,2200,0.58,43500,28500,12.36,20.3
-120.3612222,37.03233333,MADCHOW-28,USGS,2,471,145000,152000,3.7,90,5.419094348,35700,0.012559333,0.65,8570,6770,0.34,60900,26700,30.15,13
-120.2555833,36.85069444,MADCHOW-29,USGS,2,90.5,48700,26200,1.7,70,9.860480742,12800,0.241140574,0.034126166,4000,3500,0.29,45300,23300,16.5,12.9
-120.2555833,36.85069444,MADCHOW-29,USGS,1.8,154,76300,30600,2.2,80,0.177823003,19700,0.29,0.4,6440,3870,0.3,53600,45800,56.85,12
-120.3844444,36.98861111,MADCHOW-30,USGS,2.4,27.3,15600,29900,14.8,150,3.474006038,1000,0.039387123,0.052732014,3100,1330,0.41,38900,5700,0.462,34.6
-120.4736389,37.08244444,MADCHOWFP-01,USGS,3.8,350,90900,72700,2.8,70,4.222556898,15900,3.73,0.46,9950,5140,0.41,45100,19700,15.9,16.9
-120.2492222,37.12708333,MADCHOWFP-02,USGS,1.9,117,18800,20000,2.3,90,6.193392957,4740,0.047481163,0.13010143,1330,2360,0.14,17900,3540,0.1965,13.6
-120.5366667,37.07722222,MADCHOWFP-03,USGS,3.1,2170,658000,1850000,1.1,32.11812308,12.1,112000,0.530706912,4.2,9970,10600,0.36,298000,25000,24.75,9.8
-120.14825,37.14536111,MADCHOWFP-04,USGS,1.2,177,19700,23900,0.05614713,140,21.7,4710,16.1,0.140959344,219,4060,0.07,20400,3490,0.264,4.4
-120.0757778,37.12575,MADCHOWFP-05,USGS,2.7,51.2,40000,15000,0.107249529,250,75.1,8390,32,0.084072372,2.848261241,3200,0.02,32000,43500,0.018236663,0.045144239
-120.3243497,37.28938605,MER-06,USGS,3.5,200,41600,14100,1,80,96.6,17200,3.94,0.26,5080,7610,0.25,33300,17600,2.55,12.9
-120.5035833,37.30808333,MER-10,USGS,2.2,246,42100,9480,3.5,180,3.074734611,18300,0.033956845,0.039504746,2950,4900,0.28,22700,13000,4.71,20
-120.2573889,37.23294444,MER-11,USGS,13.5,186,25200,6120,0.14,140,29,8730,21.9,0.51,952,3520,0.06,17900,20400,0.735,3.9
-120.2573889,37.23294444,MER-11,USGS,13.1,150,26800,6240,0.025305803,140,17.5,8760,34.8,0.066253738,485,3810,0.015223419,22200,20800,0.996,3.3
-120.6195278,37.18347222,MER-12,USGS,3.9,193,70200,58600,1.5,180,1.260338679,43900,8.04,0.38,775,1100,1,80100,71200,28.65,25.6
-120.5763611,37.36611111,MER-14,USGS,8.7,107,11800,19500,1.9,220,5.336080431,2190,0.220431921,0.26,1110,12400,0.31,41600,9270,0.9375,18.5
-120.5763611,37.36611111,MER-14,USGS,3.7,91.1,21700,13900,4.5,150,2.237308374,4800,0.171492218,0.047123452,4960,7960,0.31,25200,8630,0.7305,20.7
-121.0208889,37.6515,MOD-03,USGS,1.6,105,53600,57900,5.4,70,6.3,12000,0.365172329,0.33,5150,4650,0.09,40700,17900,6.24,14.3
-121.5960556,38.68577778,NAM-01,USGS,21.1,226,30000,90500,0.15080818,70,149,17000,145,1.38,18.62281715,2500,0.423681978,182000,65000,0.03135,3.1
-121.4688889,38.6175,NAM-02,USGS,3.1,102,31100,49100,4.2,180,3.63975814,20800,0.165077469,1.49,1350,3320,1.5,36100,18700,1.965,23.2
-121.4688889,38.6175,NAM-02,USGS,3.3,132,36300,55200,3.5,180,2.319390023,27200,0.174814104,0.67,2070,2690,1.6,35900,25300,3.3,21.8
-121.3851667,38.68791667,NAM-03,USGS,2.2,62.4,18200,41500,2.9,290,7.2,10700,0.47,0.46,851,1970,0.21,43500,9670,0.24,16.8
-121.4384722,38.70647222,NAM-05,USGS,4.5,80.6,20000,29500,10.6,170,2.171736284,12900,0.340483519,0.2,1540,1940,0.28,24300,5280,0.174,39.8
-121.5698333,38.89638889,NAM-10,USGS,6,67.9,35400,15800,1.7,120,5.5,31400,0.113652943,0.37,194,1360,0.66,17300,11800,1.605,20.4
-122.1263889,40.13686111,NSAC-01,USGS,1.3,45.1,39600,16900,3,75.57813216,1.142739115,31500,0.008875108,0.022893505,5510,2650,0.04,13700,14500,2.055,15.5
-122.1075556,40.10713889,NSAC-02,USGS,0.7,42.3,47700,28400,2.7,112.7571469,3.158029472,40300,0.056085631,0.41,4990,2180,0.03,16000,46200,1.65,20.2
-122.3935556,40.01869444,NSAC-03,USGS,1.2,152,35900,50700,7.8,100,7.887368707,37700,0.170093374,0.051628381,716,660,0.35,22200,11400,0.2055,9.8
-122.2142778,40.13672222,NSAC-04,USGS,0.42,41.7,20200,5300,1.1,220,7.561199134,11000,0.057455686,0.124852746,2270,490,0.29,14000,12100,0.0294,3.9
-122.1705833,39.98038889,NSAC-05,USGS,4.1,22.1,27000,6240,0.61,140,6.371399611,12500,0.058672866,0.129772234,1380,1740,2.4,31200,23700,0.855,8.2
-122.1954167,40.12266667,NSAC-06,USGS,0.43,61.5,28800,8110,0.61,270,5.53182981,15900,0.083783625,0.91,1760,580,0.16,15500,17100,0.0669,4.4
-122.3119167,40.14541667,NSAC-07,USGS,1.4,142,28400,5090,6.3,170,1.469274532,18300,0.011774747,0.082891773,930,890,0.33,24400,2490,0.489,12.3
-122.2595556,40.22252778,NSAC-08,USGS,7.6,46.2,23000,5760,0.044433839,100,8,4810,40.2,0.069467272,22.47516524,1730,0.24,27000,4660,0.7515,1.4
-122.2263056,40.15991667,NSAC-09,USGS,2.6,67.1,21100,3620,5.7,110,8.305720915,7520,0.370305901,0.146588682,619,2290,1,24200,2560,0.33,20.5
-122.2263056,40.15991667,NSAC-09,USGS,2.2,76.4,20700,4520,5.1,150,7.360344142,8550,0.26,0.17049898,978,1930,0.84,23200,3310,0.387,17.2
-122.2263056,40.15991667,NSAC-09,USGS,2.4,65.2,22200,3800,4.6,120,2.957378308,8080,0.075053793,0.068037561,624,2350,0.98,25600,2830,0.3075,17.5
-122.2386082,40.18237745,NSAC-10,USGS,1.7,41,16800,3010,3.9,270,4.831315344,6810,0.155277468,0.126512698,1510,1270,0.32,13900,4830,0.1287,11.4
-122.1886944,40.18558333,NSAC-11,USGS,0.47,33.2,20500,51800,0.59,93.46485539,3.015894996,15400,0.063903623,0.78,2480,1630,0.1,45600,11400,0.10035,4.6
-122.1619167,40.07186111,NSAC-12,USGS,3.4,108,20400,5740,8.6,150,4.894212678,15500,0.177308257,0.141485956,993,1800,0.5,23100,6700,0.246,16.8
-122.1619167,40.07186111,NSAC-12,USGS,3.1,114,22800,24000,5.3,140,1.659387473,17700,0.296911629,0.109794005,1750,1900,0.51,26700,7500,0.189,16.4
-122.0837778,40.01011111,NSAC-13,USGS,3.3,11.3,11300,11200,3.2,140,7.197938316,9480,0.33,0.063546541,826,3540,0.07,24100,3080,0.14295,41.2
-122.1488056,40.05922222,NSAC-14,USGS,2,135,31000,16300,6.2,130,6.1,24600,2.6,0.144646916,1640,1270,0.41,25100,13000,0.3375,8.9
-122.0965556,40.08116667,NSAC-15,USGS,1.2,29.1,17400,17000,0.62,101.9442349,26.2,12800,0.98,1,829,2450,0.03,13000,14900,0.0639,6.3
-122.0981389,40.02180556,NSAC-16,USGS,3.7,8.69,13600,10300,6.3,140,6.971198013,10500,0.314640678,0.071890658,1060,3930,0.06,29700,8300,0.2655,19.7
-122.0981389,40.02180556,NSAC-16,USGS,3.4,8.81,12700,11400,6,170,2.534506021,9770,0.82,0.020024813,1060,3860,0.06,30000,9300,0.2355,19.8
-122.0981389,40.02180556,NSAC-16,USGS,3.6,8.16,13600,11100,5.3,150,1.355745947,10200,0.101627244,0.056525596,1060,4010,0.07,31300,9130,0.231,17.4
-122.4473056,39.92163889,NSAC-17,USGS,3.4,154,12400,139000,0.104112895,110,31.8,6790,29.7,1.2,27.79719099,540,0.02,157000,5.07864383,0.001219472,0.14
-122.3018056,40.20422222,NSAC-18,USGS,1.9,94.4,20900,3670,5.1,200,1.230192296,10300,0.28,0.109568081,950,1720,0.27,21800,1940,0.279,18
-122.3548611,40.15661111,NSAC-19,USGS,1.6,130,27600,3320,15.8,170,8.657566118,23300,0.278712197,0.037330776,819,680,0.39,21800,1040,0.447,15.2
-122.3548611,40.15661111,NSAC-19,USGS,1.5,144,28300,4480,14.9,210,2.605889063,23000,0.079786667,0.006789532,815,780,0.4,21700,1250,0.4545,13.1
-122.2265278,40.09986111,NSAC-20,USGS,0.55,45,16800,3320,2.9,230,9.1,9030,0.35,0.056421895,1500,390,0.44,14200,8510,0.012165,4.2
-122.2531667,40.23408333,NSAC-MW-01,USGS,3.4,10.5,18800,7140,1.1,110,5.421383652,4130,3.36,0.138242417,277,2100,0.55,30400,4390,0.4845,27.2
-122.0399444,39.94558333,NSAC-MW-02,USGS,1.1,18.1,23300,5000,0.5,80,252,17600,37.1,0.84,958,3350,0.03,12500,5300,0.6,9.5
-122.0399444,39.94558333,NSAC-MW-03,USGS,4.5,3.01,3010,3150,0.6,190,184,2200,23.6,2.2,543,3410,0.35,41200,2650,0.08715,18.7
-122.1665278,40.04283333,NSAC-MW-04,USGS,1.6,120,27100,18100,5.9,190,6.928046476,21400,0.6,0.20362622,1010,1020,0.39,19100,7700,0.2085,11.6
-122.1665278,40.04283333,NSAC-MW-05,USGS,10.6,12.8,8200,7270,0.094080884,210,4.029376365,739,8.52,0.038333499,32.75858882,2540,0.02914871,62100,12000,0.0162,0.41
-122.1665278,40.04283333,NSAC-MW-06,USGS,19.8,1.71,3060,11600,0.001721288,310,4.890398972,185,3.67,0.006962915,14.27316197,1510,0.022124156,65900,13800,0.020627445,0.15
-122.3605278,40.22416667,NSAC-U-01,USGS,1.9,62.8,19700,4680,28.9,90,5.397802094,11500,0.035020496,0.052712525,881,610,0.34,23900,1420,0.2235,16.6
-122.4690556,40.1335,NSAC-U-02,USGS,0.15,41.5,21100,3600,0.068621488,190,3.08753488,11500,0.23,0.160670875,890,540,0.3,14700,34200,0.05475,1.3
-122.2073611,40.25888889,NSAC-U-03,USGS,1.9,36.5,35300,37500,1.9,100,5.796395503,27600,0.052830116,0.37,5490,3340,0.1,25000,14700,0.4365,13.8
-122.3978611,40.14741667,NSAC-U-04,USGS,0.92,138,33100,1530,11.3,320,3.117445478,23200,0.02932413,0.138676399,890,920,0.12,18800,1010,0.54,5.8
-122.2533056,40.23408333,NSAC-U-05,USGS,8.8,29.4,20200,3850,2,160,6.289480193,10700,0.18804691,0.047304982,800,1840,2.4,15000,4010,1.86,28.8
-122.2791389,40.16444444,NSAC-U-06,USGS,0.26,55.6,23800,7710,0.97,260,6.734144786,14900,0.020359901,0.052518459,3180,600,0.06,19900,4480,0.02325,2.2
-122.3535556,40.11283333,NSAC-U-07,USGS,1.5,137,25100,2940,0.025558065,200,7.072119409,21900,11.7,0.023045134,550,1450,3.3,36400,8110,0.864,13.6
-122.2175556,40.00138889,NSAC-U-08,USGS,0.28,33,14900,10600,1.4,280,1.318010025,12500,0.27,0.022348834,3470,350,0.2,16900,8110,0.010451342,2.4
-120.9158611,37.83016667,NSJ-QPC-02,USGS,1.4,204,44500,12600,0.66,180,96.2,21400,10,0.58,7710,2920,0.010355635,26900,17100,3.105,17.6
-120.9158611,37.83016667,NSJ-QPC-02,USGS,1.6,211,44800,13700,0.74,180,52.1,22100,6.86,0.36,8160,3060,0.007876749,26100,17700,3.54,18.4
-121.0948885,38.33271931,NSJ-QPC-04,USGS,1.9,33.8,4730,4830,1.5,170,120,2680,74.3,0.051745732,1040,4180,0.06,22500,2330,0.075,7.9
-121.0948885,38.33271931,NSJ-QPC-04,USGS,2.2,31.9,4540,4980,1.5,210,92.7,2530,64.9,0.114570084,1090,4060,0.07,21700,2360,0.072,8.1
-120.8275,38.20505556,NSJ-QPC-07,USGS,1.3,107,22200,24200,0.3,190,4.2,21100,0.189302402,0.44,2410,3080,0.48,38700,20800,0.501,6.4
-122.2266667,40.33758333,RED-01,USGS,1.4,18.2,13000,3210,2.7,170,7.613805072,8610,0.192986275,0.177441124,798,1390,0.46,14700,1270,0.09735,13.8
-122.2266667,40.33758333,RED-01,USGS,1.7,17.9,14100,3130,4.4,130,5.872842167,9080,0.064114168,0.062406985,750,1510,0.44,15600,1320,0.1095,17.2
-122.2266667,40.33758333,RED-01,USGS,1.7,17.1,14300,3260,3.2,140,1.056064466,9230,1.09,0.094156336,776,1530,0.45,16200,1400,0.1044,14.6
-122.2113333,40.37388889,RED-02,USGS,2.5,11.8,14000,3090,4.6,150,0.112301687,9680,0.053357547,0.008394415,990,2540,0.29,13200,1370,0.2595,17.5
-122.3296389,40.54952778,RED-03,USGS,1.3,108,23000,15700,0.003921791,119.8351467,10.4,21700,15.6,0.74,4070,630,0.21,14500,6690,0.09825,3.8
-122.3002222,40.50658333,RED-04,USGS,0.49,34,13600,9460,0.089576732,108.8162194,3.290081417,12900,0.131875974,0.101500964,1350,690,0.05,12600,6900,0.02235,3
-122.3002222,40.50658333,RED-04,USGS,0.47,32.8,14900,13300,0.52,40,2.32887964,14800,0.57,0.27,1150,730,0.046312381,13000,6930,0.0213,3.5
-122.2870556,40.39802778,RED-05,USGS,0.8,15.4,11600,2680,0.214950365,160,8.040042266,9490,0.133516114,0.067249786,586,810,0.5,16700,2090,0.005459145,10.4
-122.2870556,40.39802778,RED-05,USGS,0.82,19.1,10700,2640,0.51,160,0.466710437,8570,0.002032812,0.056928253,737,810,0.43,15400,1890,0.0264,10.1
-122.3816389,40.51311111,RED-06,USGS,0.26,19.6,10900,2200,0.0568981,105.9490593,5.634467201,6410,0.076752165,0.207310749,1100,510,0.1,6650,3640,0.001066806,1.5
-122.2743889,40.47963889,RED-07,USGS,1,11.1,6760,4380,0.99,120,5.089068118,6540,0.024024998,0.113001346,2340,700,0.1,9200,3240,0.008764485,9
-122.307,40.55738889,RED-08,USGS,1,12.1,10900,10800,0.178773081,250,6.046059575,12600,0.121984994,0.003572343,1720,550,0.27,15800,2770,0.0243,9.4
-122.3264722,40.35783333,RED-09,USGS,0.91,40.3,15200,5280,1.9,220,27.7,9260,1.49,0.160040214,1270,650,0.11,12600,5740,0.075,7.8
-122.2783611,40.41402778,RED-10,USGS,7.7,50.2,10200,21700,0.075743965,56.32618412,7.9,3180,19.9,0.112016969,66,1700,0.09,37900,1800,0.03,4.8
-122.2400833,40.55133333,RED-12,USGS,4.2,127,15600,8950,0.030093294,100,30.8,9010,220,0.35,103,1860,0.96,24600,4570,0.0213,1.7
-122.2400833,40.55133333,RED-12,USGS,3.9,115,16600,21000,0.158575446,80,2.964690649,9530,276,0.047925542,74,2030,1.6,32300,5070,0.0192,0.88
-122.2400833,40.55133333,RED-12,USGS,4,123,14000,9530,0.85,90,1.460372349,8590,313,0.211680982,69,1760,1.9,22600,4900,0.02325,0.59
-122.34025,40.38444444,RED-13,USGS,0.97,29.5,11300,2780,2.8,120,2.562532371,7520,0.018040217,0.117441515,992,770,0.13,14600,1340,0.0567,11.7
-122.4070278,40.38930556,RED-14,USGS,2.2,124,12400,2340,0.100884246,90,123,6810,56,0.063634659,2.897457276,660,0.014517396,16600,1950,0.019804619,0.008764867
-122.4186667,40.42158333,RED-15,USGS,0.49,24.4,10300,5410,0.120424978,90,7.5,6890,0.43,0.16380832,1050,460,0.17,16700,650,0.0294,4.7
-122.3763611,40.33208333,RED-16,USGS,0.37,50.6,16800,4040,1.1,110,5.662042376,8330,0.22,0.36,922,550,0.05,10600,3980,0.05265,5.6
-122.1959722,40.41813889,RED-17,USGS,1.3,12.8,20500,2810,3.6,100,1.351242831,20100,0.123114933,0.055744402,653,2210,0.07,14600,570,0.39,24.4
-122.272,40.49105556,RED-18,USGS,0.56,17.6,11300,14700,0.248001544,68.30820258,7.630390806,11100,0.25,0.127378464,2880,1070,0.04,11500,5260,0.05985,5.7
-122.1461944,40.39972222,RED-19,USGS,0.7,18.6,12300,5250,0.163257775,70,42.8,8910,9.23,0.6,285,3150,0.05,12500,2400,0.1095,4
-122.1461944,40.39972222,RED-19,USGS,1.1,15.8,11200,8600,0.63,70,18.2,8150,2.52,0.22,263,3190,0.021112064,15600,2200,0.105,6.6
-122.2765,40.3275,RED-20,USGS,2.4,22.4,14300,2580,2.3,100,0.965760039,7610,0.46,0.271097047,1270,1250,0.5,13800,1320,0.1146,16.4
-122.2257222,40.42525,RED-21,USGS,1.2,46.5,16200,3060,1.7,160,3.088076564,14200,0.00321766,0.262066951,1810,1820,0.03,14000,8190,0.2775,13.8
-122.2536667,40.38991667,RED-22,USGS,0.41,30.4,16800,3770,0.054023089,160,5.341144441,16100,0.170954073,0.085805662,1440,550,0.037148524,15600,6550,0.0705,5.7
-122.2136944,40.55841667,RED-23,USGS,1.4,13.9,13800,2160,4.3,150,7.753995614,8870,0.089218447,0.020208689,725,1800,0.8,10400,1780,0.05985,15.2
-122.3018056,40.44125,RED-MW-01,USGS,0.71,21.2,9420,3970,0.150352681,140,549,6820,60.3,0.73,712,860,0.29,13700,3270,0.06285,6.1
-122.3015833,40.44119444,RED-MW-02,USGS,0.79,21.1,9800,3660,1.5,180,0.43905611,9190,0.89,0.51,1330,930,0.46,10800,8280,0.02835,9.6
-122.3015556,40.44113889,RED-MW-03,USGS,0.66,21.6,11200,3350,1.8,160,10.1,8800,0.6,1.2,1430,750,0.19,12100,5650,0.01317,7.6
-122.3338333,40.35858333,RED-MW-04,USGS,2.1,36.1,13300,2750,0.377852994,90,1.530624572,2290,0.79,0.212126916,415,1030,0.41,30900,1220,0.2325,10
-122.3338333,40.35858333,RED-MW-05,USGS,1.6,23.4,10800,2310,0.9,130,4.721113708,7950,0.51,0.49,681,620,0.21,15100,770,0.0588,9.3
-122.3338333,40.35858333,RED-MW-06,USGS,2.3,40.5,18800,3430,6.8,130,6.5,7700,0.65,0.83,681,930,0.27,16600,2120,0.432,16
-122.3338333,40.35858333,RED-MW-07,USGS,10.1,35.4,33300,14500,7.2,180,8.8,8050,0.58,0.9,5860,3660,0.79,35000,31300,0.705,29.2
-122.3353333,40.28697222,RED-U-01,USGS,1.3,132,26100,4250,25.3,150,1.736455123,13200,0.37,0.044172563,948,940,0.34,19000,770,0.6135,16.4
-122.3610556,40.29233333,RED-U-02,USGS,1.4,66.9,23700,3260,19.6,100,7.629173161,11000,1.17,0.034507481,848,790,0.12,17500,470,0.2445,17
-120.9044444,38.10391667,S10-ESJB-03,USGS,0.99,111,16600,36300,0.493708638,150,4.67631344,4590,0.297736907,0.181384574,5160,4140,0.25,27800,11400,0.3,3.8
-120.9126389,38.07613889,S10-ESJB-04,USGS,2,98.4,35600,89300,0.430437129,160,917,12600,16.5,0.006526331,3520,3850,0.46,35200,78100,0.0861,4.9
-120.8131667,37.93980556,S10-ESJB-05,USGS,5.4,26.5,39500,26900,1.2,520,25.6,3040,5.1,0.112230157,5750,1700,0.72,74100,164000,0.1545,27
-120.7215278,37.82072222,S10-ESJB-07,USGS,3.6,147,17400,5450,0.57,130,7.577379548,9340,0.369286854,0.080744637,1550,4440,0.06,13700,5360,0.6165,10.5
-120.9029444,37.83355556,S10-ESJB-09,USGS,2.9,50,12000,4380,0.3164074,280,0.18958363,6700,0.079050779,0.018917434,1750,1940,0.016749486,9650,3540,0.156,22.4
-120.9452778,38.05405556,S10-ESJB-11,USGS,0.86,81.2,27800,11900,2.4,120,5.244966855,14200,0.095021071,0.197487521,5000,3750,0.93,13100,9640,0.6015,9.5
-121.0775,38.15538889,S10-ESJB-16,USGS,1.6,130,33600,47100,0.81,230,9.745846838,17100,0.018684528,0.140869474,7450,2360,0.49,30200,9790,0.348,13.8
-121.0490278,38.02666667,S10-ESJB-18,USGS,0.94,72,24100,5870,0.67,120,2.214074554,11500,0.178251777,0.12458487,1210,3240,0.07,8990,15500,0.9975,6.6
-120.9663611,37.78988889,S10-ESJB-21,USGS,2,205,50900,10600,3.4,110,7.005699154,25300,0.038408418,0.24,10200,3560,0.005276199,27200,25500,7.8,18
-121.0536389,37.91944444,S10-ESJB-24,USGS,1.2,197,48500,24700,3.2,100,7.599448813,31000,0.012206229,0.22,12200,2280,0.65,23500,23700,0.8625,12.2
-121.1173611,37.99402778,S10-ESJB-25,USGS,1.8,104,32200,7600,4.5,140,2.413211337,18800,0.248424103,0.181663776,3410,4250,0.2,17600,7850,1.98,16
-121.14175,38.03655556,S10-ESJB-26,USGS,1.5,84.2,31800,4530,4.5,80,4.326243307,13300,0.223178127,0.134062316,350,3360,0.33,13300,5580,1.389,11.8
-121.2012222,38.08891667,S10-ESJB-27,USGS,2.3,46.1,22600,9820,8.7,180,1.11758875,6850,0.177280934,0.053404949,2190,2200,0.28,20500,8090,0.447,23.6
-121.1723056,37.99438889,S10-ESJB-33,USGS,1.2,355,113000,57000,6.7,80,3.322010606,53500,0.723600774,0.94,15200,11400,0.18,39400,29800,26.1,13.6
-121.1262222,37.79830556,S10-ESJB-35,USGS,5.2,77.8,22100,10400,7,180,9.863105824,6110,0.194081134,0.072070686,3360,4440,0.19,17300,8030,0.267,44
-121.07,37.77683333,S10-ESJB-36,USGS,4.1,138,60100,12700,1.391388036,120,4.09424278,26500,0.265511371,0.095769064,29400,4780,0.109110988,25500,47200,4.245,26
-121.1851139,37.81893333,S10-ESJB-38,USGS,4.3,206,81200,22400,3.1,100,4.119271843,27100,0.026482704,0.3,24600,5970,0.85,25900,49500,8.58,28.3
-121.2465833,37.96758333,S10-ESJB-40,USGS,7.8,129,54600,19900,3.3,110,0.280221691,26100,0.389718572,0.31,3980,5960,0.22,22700,19600,3.15,23.2
-121.351,38.05202778,S10-ESJB-41,USGS,5.4,296,69000,32600,0.219858733,80,2.174754809,24300,177,0.055171907,5870,3540,0.66,25400,33400,12.975,12.5
-121.3132778,37.86311111,S10-ESJB-44,USGS,7.5,422,120000,353000,0.452831024,80,4.253289306,31200,337,0.29063074,7.156096874,2120,0.042830972,153000,62400,15.75,26.4
-119.8679167,36.35741667,S3-MACK-K01,USGS,2.2,68.3,95600,99700,0.301058498,360,2190,33100,517,2,872,3780,0.21,385000,652000,225,0.95
-119.9756667,36.45333333,S3-MACK-K02,USGS,23,70.4,27300,193000,0.162252107,1050,42.3,1240,35.6,0.5,22.13338048,550,0.09,349000,374000,0.04155,0.57
-119.9955278,36.51475,S3-MACK-K03,USGS,2.1,58.8,57700,68900,0.125936673,100,2.127692382,3380,87.3,1,27.20216306,1970,0.07,50200,45600,30,4
-120.1571944,36.58583333,S3-MACK-K05,USGS,3.6,76.6,42500,51100,0.012410821,220,136,5240,155,0.72,9.134013174,1240,0.06,155000,1.00E+05,148.95,1
-120.1885833,36.59616667,S3-MACK-K06,USGS,2.3,28.2,172000,168000,0.261798885,180,682,26500,1720,2.7,15.08120179,1950,0.07,314000,703000,156,0.5
-120.2208056,36.64666667,S3-MACK-K07,USGS,9,78.1,28400,280000,0.185399417,400,65.8,4700,414,0.073021977,23.83887038,2680,0.21,290000,107000,10.23,3
-120.1328889,36.74036111,S3-MACK-K08,USGS,2,153,125000,81000,4.4,30,21.3,14300,1.62,2.3,3150,10900,1.8,122000,147000,253.5,8.4
-120.1486944,36.68119444,S3-MACK-K09,USGS,17.7,32.2,8860,205000,0.27998798,130,9.4,446,21,0.032134459,18.9439387,4920,0.07,203000,38800,0.000144706,0.56
-119.9398611,36.48097222,S3-MACK-K12,USGS,4.7,42.6,38000,120000,0.246477303,210,0.493162949,414,15.4,0.63,22.24609072,830,0.08,83000,21400,16.05,3.7
-119.9398611,36.48097222,S3-MACK-K12,USGS,4.2,83.7,72100,226000,0.297499765,150,0.158354603,608,25.9,0.103799312,8.219796736,1220,0.032039277,112000,44600,11.55,6.1
-119.9016389,36.43144444,S3-MACK-K13,USGS,31.8,27.7,11200,102000,0.139832047,1070,20.7,426,15.1,0.68,20.56380319,440,0.06,247000,108000,0.231,0.48
-119.8300833,36.41011111,S3-MACK-K14,USGS,34,6.72,3810,27200,0.289562569,280,11.2,156,3.01,0.19271944,24.14986979,330,0.039041374,129000,54500,0.0852,0.2
-119.7428333,36.44577778,S3-MACK-K15,USGS,0.26,8.73,29500,4240,0.96,30,4.80173466,310,0.039625699,0.015602333,2440,500,1.9,24600,23500,31.8,3.1
-119.7428333,36.44577778,S3-MACK-K15,USGS,0.77,7.97,24800,3500,1.2,40,3.276379324,304,0.10152536,0.47,3420,390,1.4,31900,11400,29.1,4.8
-119.71925,36.51386111,S3-MACK-K16,USGS,0.42,182,179000,64700,2.8,20,5.9,14200,0.066061064,3.3,60200,4150,0.62,97500,108000,143.85,3.6
-119.8183611,36.51897222,S3-MACK-K17,USGS,2.2,4.87,21800,820,0.32,130,3.110000073,1190,0.305440232,0.37,471,820,0.036152373,6490,1960,6.345,14.4
-119.9592778,36.70516667,S3-MACK-K19,USGS,3.2,111,106000,98100,4.1,70,2.810989737,53100,0.118737052,3.5,11600,8140,0.13,57700,50300,160.5,19.5
-119.9592778,36.70516667,S3-MACK-K19,USGS,3,123,112000,91100,5.1,90,2.538518554,56500,0.22124424,2.8,13400,8150,0.16,59700,52300,171,18.5
-120.0110556,36.72230556,S3-MACK-K20,USGS,2.8,77.7,80500,52900,4,100,3.483538422,38200,0.330883669,1.1,13500,7450,0.96,69000,50000,123.6,12.3
-120.0974722,36.75802778,S3-MACK-K21,USGS,4,20.1,49100,8270,0.64,120,3.160180721,20700,0.247920586,0.8,3530,3390,0.87,44200,51300,62.25,16.2
-119.9063333,36.78111111,S3-MACK-K22,USGS,2.8,41.6,31400,7140,2.5,110,0.621162528,15800,0.45,0.72,2190,6760,0.07,19900,9080,10.74,14.7
-119.8620556,36.76833333,S3-MACK-K23,USGS,2.3,12,12500,4250,0.92,130,3.905940656,6730,0.351522099,0.74,1270,4990,0.028730395,12800,5410,0.4605,18.5
-119.7371111,36.58086111,S3-MACK-K25,USGS,1.2,24.3,25000,9600,1,110,3.989608749,5300,0.374989383,0.25,3590,2360,0.16,31100,15000,14.385,10.4
-119.7362778,36.55594444,S3-MACK-K26,USGS,1.1,11.2,22600,980,0.37,130,1.050926216,4780,0.083323024,0.39,887,740,0.06,5040,3190,9.39,10.2
-119.62975,36.52619444,S3-MACK-K27,USGS,0.92,160,101000,91800,2.8,50,3.687299659,33600,0.040636033,1.1,16800,5580,0.9,86500,81100,75.45,8.6
-119.5117778,36.51372222,S3-MACK-K28,USGS,1.4,54.2,45600,7030,0.71,50,1.593778845,8980,0.16576516,0.65,4790,1550,0.19,24300,32700,14.385,12.5
-119.3912222,36.47708333,S3-MACK-K29,USGS,2.5,120,127000,41800,1.6,100,9.1,35400,0.56,0.84,24100,3690,0.41,50300,164000,11.865,37.2
-119.4861944,36.52016667,S3-MACK-K30,USGS,3.8,27.9,18200,1910,0.77,180,3.553551639,5920,0.067833802,0.37,2970,1610,0.014884452,9390,4850,0.867,40.3
-119.5329722,36.56194444,S3-MACK-K31,USGS,3.8,44.4,16600,14000,2.7,130,1.66734111,5350,0.132079254,0.16495611,1910,2120,0.24,19900,4520,0.3105,41.9
-119.6634167,36.62035,S3-MACK-K32,USGS,1.5,10.7,14600,2760,0.54,80,1.855281251,3910,0.014755672,0.05311769,743,1670,0.06,7460,7740,2.22,8.3
-119.7838056,36.83033333,S3-MACK-K35,USGS,2.2,39,17200,5460,2,140,3.779744592,8560,0.152930369,0.7,2540,2440,0.047575421,11700,6910,0.6495,20.9
-119.7521944,36.86552778,S3-MACK-K36,USGS,1.2,95.8,33100,7580,5.9,120,19.1,14300,0.8,3.7,5330,3360,0.09,19900,12600,2.7,16.3
-119.6996667,36.77038889,S3-MACK-K37,USGS,1.4,42.3,15500,4480,0.096930428,100,2.70145741,8910,0.181486061,0.49,660,3000,0.022231826,13600,3670,0.393,30.2
-119.4794444,36.62711111,S3-MACK-K39,USGS,0.81,162,70900,27400,1.4,50,2.153699218,19600,0.152958078,0.55,8540,4960,0.2,35400,51900,20.85,7.7
-119.4851667,36.58080556,S3-MACK-K40,USGS,1.1,186,98800,33100,1.2,60,3.976670492,34500,0.086958231,0.8,23700,5150,0.08,69400,96000,42.6,16.7
-119.3540278,36.53069444,S3-MACK-K41,USGS,1.1,145,99700,45900,1.1,120,5.6,34400,0.354622856,0.83,17100,3910,0.11,39100,61800,5.7,26.6
-119.3247778,36.44944444,S3-MACK-K42,USGS,5,223,49500,45600,0.99,170,1.631544123,42700,0.306588826,0.44,17200,2160,0.56,76400,74100,10.545,65
-119.3245833,36.4495,S3-MACK-K42R,USGS,4.6,74.7,32300,44500,0.83,190,14,22200,4.13,0.08178679,9200,2060,0.81,62500,39800,5.295,64.1
-119.2336111,36.54227778,S3-MACK-K43,USGS,2.6,170,96700,32800,0.4,120,4.7,44600,0.51,1.1,21200,4410,0.023604927,41000,56800,7.665,38.2
-119.3070278,36.65286111,S3-MACK-K44,USGS,0.83,286,114000,67700,0.38,160,7.2,37500,0.234267876,1.2,37300,5720,0.09,61200,72300,16.5,20
-119.3070278,36.65286111,S3-MACK-K44,USGS,0.65,245,110000,69800,0.62693731,160,3.00625273,37600,6.52,0.66,47600,5240,0.050155601,64200,81400,15.75,17.9
-119.3339722,36.65561111,S3-MACK-K45,USGS,4.5,195,52000,9750,0.204124911,220,2.884541059,21200,0.51,0.36,18400,3310,0.09,54500,12400,4.995,59.9
-119.4977222,36.70125,S3-MACK-K46,USGS,0.24,28.7,52700,2080,0.162561214,20,221,18200,9.46,1,25.35490772,2830,0.044505199,15600,8100,7.95,1.4
-119.4047222,36.76825,S3-MACK-K47,USGS,0.6,54.4,122000,144000,0.35,80,4.4,42900,0.43,1.3,11900,3120,0.2,48100,98600,4.92,17.2
-119.5474444,36.83866667,S3-MACK-K48,USGS,2.2,185,53300,26000,0.35,130,0.97941535,23000,0.177776146,0.46,7920,3710,0.32,24800,16900,3.645,41.2
-119.5580278,36.86894444,S3-MACK-K49,USGS,1.7,195,84000,41200,0.97,90,8.169274486,29300,0.61,0.7,11000,4280,0.36,26900,42500,8.655,32.8
-119.5580278,36.86894444,S3-MACK-K49,USGS,1.8,200,84200,30900,1.2,110,3.954862196,28200,0.332613017,1,9260,4340,0.42,27800,42000,7.335,32.2
-120.1863056,36.77661111,S3-MACK-M01,USGS,16.6,13.5,14100,2170,0.16116856,150,23.8,1990,14.8,0.187649614,10.4431248,1770,0.036162311,6620,5780,0.1236,0.75
-120.2741667,36.90688889,S3-MACK-M02,USGS,5.5,49.4,23800,36700,3.1,150,15,6980,0.212986815,0.2,736,2710,0.22,25300,6910,2.52,15.6
-120.31025,36.94702778,S3-MACK-M03,USGS,1.5,676,2.00E+05,250000,1.3,70,10.7,48200,0.53,2.1,51000,3960,0.15,193000,52900,60.75,22.1
-120.3730556,36.95608333,S3-MACK-M04,USGS,3.8,203,88500,68900,3.5,150,3.963425822,24200,0.200242775,0.75,4750,4130,0.41,46800,40000,28.5,20
-120.4721944,37.04933333,S3-MACK-M05,USGS,2.4,390,117000,115000,2.8,60,1.542022139,19100,0.222701334,0.72,5460,5420,0.36,55500,26900,22.5,14.1
-120.4500833,37.14002778,S3-MACK-M06,USGS,3.8,455,66400,68100,4.6,70,2.917615715,12800,0.30970984,0.34,4790,4440,0.29,61400,18100,4.5,19.1
-120.4229722,37.09152778,S3-MACK-M07,USGS,3.9,164,49000,22300,0.9,90,1.502844558,9270,0.381817751,0.68,3380,3170,0.08,14100,6640,3.735,21.7
-120.3293056,37.07261111,S3-MACK-M08,USGS,1.1,355,83700,78800,2.5,70,0.015885655,20900,0.59,0.49,10600,4260,0.31,40800,21900,7.395,18.1
-120.2425278,36.99575,S3-MACK-M09,USGS,1.1,287,60700,26500,2.3,130,1.39492074,19400,0.306414641,0.39,10900,5500,0.26,33500,17000,3.3,35.1
-120.1842778,36.93122222,S3-MACK-M10,USGS,1.2,398,99000,95100,3,90,7.5,32700,0.172794408,2.3,6810,6050,0.42,54900,22600,24.6,24.4
-120.1004722,36.86072222,S3-MACK-M11,USGS,1.4,95.7,47900,33400,1.4,130,5,16000,0.83,1.8,2640,2130,0.24,27200,15400,55.35,10
-120.0628611,36.82897222,S3-MACK-M12,USGS,2.5,56.3,29500,22900,2.3,120,1.305277281,10100,0.025801628,0.25,4550,2820,0.37,37700,17200,14.7,15.4
-120.1263056,36.90166667,S3-MACK-M13,USGS,1.3,92.7,21500,14800,1.7,130,1.064676465,7440,7.66,1.1,1300,3790,0.28,21600,15200,0.513,23.4
-120.1562222,36.96608333,S3-MACK-M14,USGS,1,104,24300,13300,1.8,140,12.5,8070,1.39,0.64,4560,3400,0.23,24100,8330,0.576,24.8
-120.2041111,37.00438889,S3-MACK-M15,USGS,1.6,144,29000,10000,2.5,160,3.391092883,10800,0.32264743,0.66,8830,3750,0.18,24400,7810,0.756,39.9
-120.3176667,37.08977778,S3-MACK-M16,USGS,1.2,505,95900,44200,2.9,50,0.758203643,26500,0.090928707,0.56,10700,4790,0.05,87000,18800,17.4,17.7
-120.3524722,37.11916667,S3-MACK-M17,USGS,1.7,721,131000,128000,4,70,2.730010887,38600,0.237241694,1,9190,4040,0.52,64000,21300,17.1,16
-120.18225,37.06877778,S3-MACK-M18,USGS,1.4,184,34700,30100,4.7,120,6.1,10300,0.219102693,0.21,7160,2150,0.21,24100,5920,0.7485,19.3
-120.1138889,37.033,S3-MACK-M19,USGS,1.8,154,23600,17800,1.8,200,1.103916897,8790,0.99,0.38,2700,3330,0.2,24700,6000,0.1815,29.1
-120.0763056,36.98541667,S3-MACK-M20,USGS,1.1,52.2,17600,17900,2.5,150,3.507081045,5360,0.173196001,0.46,2320,2580,0.12,20000,3740,0.345,20.4
-119.9959444,36.92291667,S3-MACK-M21,USGS,0.64,128,38100,38600,0.89,140,23.9,13300,56.6,2.1,4830,5640,0.11,28300,32100,1.47,14.7
-119.94125,36.88072222,S3-MACK-M22,USGS,1.1,105,27400,38500,3.4,120,3.045036077,11400,2.77,1.3,6780,4090,0.88,25300,12100,0.5085,21.4
-119.7837222,36.88430556,S3-MACK-M23,USGS,3.7,14.8,9160,2930,0.230780654,210,10.5,3280,0.284784686,0.25,18.24318743,1810,0.039587297,7540,1170,0.4935,8.1
-119.79575,36.95455556,S3-MACK-M24,USGS,2.7,54.6,8280,5590,1.6,310,4.7,3120,0.343151952,0.22,5450,2080,0.21,16900,3070,0.078,23.2
-119.8883889,36.97283333,S3-MACK-M25,USGS,2.8,94.9,18000,18300,2.2,260,9.1,6070,1.78,0.178732858,3260,2820,0.26,25700,3560,0.3975,24.1
-119.8881944,37.00508333,S3-MACK-M26,USGS,2.9,74.3,13400,31800,2.8,430,26.7,3980,0.31790916,0.3,5090,2490,0.3,40000,7410,0.2745,22.2
-119.9844722,37.04419444,S3-MACK-M27,USGS,1.8,85,18400,15100,1,220,10.1,5930,1.3,0.52,1390,1670,0.28,23200,4790,0.2115,17.9
-120.0757778,37.12575,S3-MACK-M28,USGS,3,51.6,38400,15000,0.090697325,230,86.3,8150,30.3,0.4,36.93195682,3020,0.004180969,32000,47100,0.008680935,0.61
-119.0269722,36.34038889,S4-TUSK-HLS01,USGS,2.4,142,43500,22600,0.238067464,200,2.066816544,17900,0.386573724,0.95,11900,5600,0.38,29900,24100,7.455,33.6
-119.1365278,36.44361111,S4-TUSK-HLS02,USGS,5.8,0.93,13500,18000,0.169147629,160,0.333043413,1830,2.02,0.47,880,1040,0.13,54100,42200,1.308,1.8
-119.0180556,36.18697222,S4-TUSK-HLS07,USGS,1.2,20.2,70500,31500,0.36,260,3.697075705,32700,0.300223798,1.3,5190,3980,1,45100,86900,11.955,19.9
-119.4925,36.15372222,S4-TUSK-KAW01,USGS,0.63,128,164000,37100,0.33,10,5,8220,0.201558,0.74,30800,770,0.022425004,43300,43100,165,8.2
-119.4925,36.15372222,S4-TUSK-KAW01,USGS,0.71,151,181000,43200,0.687821352,10,4.99028163,8180,0.256807825,0.346095775,47800,770,0.095645836,48700,54800,180,8
-119.5102778,36.19222222,S4-TUSK-KAW02,USGS,0.43,75.8,89300,19500,0.34,10,3.002099179,2290,0.29489594,1.9,20200,470,0.16,50200,42100,56.55,5.2
-119.57525,36.22572222,S4-TUSK-KAW03,USGS,25.6,16.4,15900,31000,0.103504034,150,1.657668765,122,0.053947172,0.34,12000,200,2.5,53800,26000,2.085,37.6
-119.6001389,36.25580556,S4-TUSK-KAW04,USGS,7.6,73.4,35800,108000,0.269308176,170,0.593482959,987,7.35,0.59,4600,410,4.1,81500,34100,9.69,30.4
-119.6304722,36.2835,S4-TUSK-KAW05,USGS,5.4,111,51100,62800,0.079852751,210,6.4,8350,208,1.2,63,450,0.22,218000,180000,454.5,22.3
-119.3643889,36.44186111,S4-TUSK-KAW06,USGS,2.9,163,86700,79300,0.35,80,12.8,65600,0.98,1.4,29300,3810,0.06,160000,103000,29.85,45.2
-119.4163056,36.38777778,S4-TUSK-KAW07,USGS,3.7,47.4,17300,16200,3.5,200,2.816764724,4610,0.312661488,0.25,2660,1400,0.4,37600,10900,3.675,58.1
-119.4546111,36.3445,S4-TUSK-KAW08,USGS,1.1,62.5,72100,42800,1.2,60,1.488824641,2640,0.166153477,0.91,36100,1100,0.23,69800,58300,23.1,9.1
-119.4393889,36.28080556,S4-TUSK-KAW09,USGS,2.4,30.7,30000,16200,0.49,70,1.113228534,1320,0.279679742,0.48,9200,330,0.23,33700,25500,16.5,13.6
-119.3830833,36.24047222,S4-TUSK-KAW10,USGS,0.95,11.4,10200,10600,1.1,60,1.705732925,104,0.198421534,0.22,6690,500,0.29,37900,8830,1.8,8.8
-119.4656389,36.17875,S4-TUSK-KAW11,USGS,2.7,8.88,10200,14700,0.52,60,1.081666752,56,0.02853162,0.038918617,14300,180,0.27,55300,16000,4.08,13.6
-119.3607222,36.12372222,S4-TUSK-KAW12,USGS,33.4,5.5,1840,8490,0.162451338,580,53.4,4.509225132,3.97,0.56,18.34999247,80,0.1,50500,9810,6.51,0.74
-119.2958056,36.15080556,S4-TUSK-KAW13,USGS,3.6,328,138000,170000,0.71,40,33.8,57400,13.4,2,29100,3860,0.09,148000,108000,62.4,11.6
-119.29675,36.21280556,S4-TUSK-KAW14,USGS,1,95.8,50300,23500,1.5,90,0.443707799,8980,0.285784742,0.67,14400,2460,0.58,20700,22800,6.915,10.5
-119.2625,36.26761111,S4-TUSK-KAW15,USGS,0.28,184,82900,21200,1.4,20,1.1663215,15800,0.55,1,7430,1640,0.57,41700,51800,7.335,4
-119.2536111,36.29641667,S4-TUSK-KAW16,USGS,0.49,121,63300,14200,1.2,40,4.355122079,11400,0.396269701,0.028874644,6220,1760,0.63,19000,30300,9.585,5.7
-119.2536111,36.29641667,S4-TUSK-KAW16,USGS,0.44,132,68200,18300,0.92,40,0.17898401,12700,0.276031055,0.78,5920,1760,0.8,20800,35000,12.87,5.3
-119.27775,36.36705556,S4-TUSK-KAW17,USGS,1.9,40.6,30500,5390,1,100,1.568042027,11100,0.297146641,0.48,5740,1700,0.32,16300,16400,2.49,14.6
-119.3126389,36.40894444,S4-TUSK-KAW18,USGS,2.5,58.6,24700,13500,2.8,210,1.985868957,9330,0.227633254,0.29,3060,1910,0.21,34700,10200,1.995,52.6
-119.1916944,36.45722222,S4-TUSK-KAW19,USGS,1.8,53.1,69000,48100,0.42,130,5.6,26600,1.04,0.9,9460,3450,0.18,55000,1.00E+05,1.8,43.8
-119.2205,36.37741667,S4-TUSK-KAW20,USGS,2,34.2,25200,7930,1,140,9.172930168,10800,0.47,0.163493662,3710,1630,0.28,20900,15700,1.56,26.8
-119.2205,36.37741667,S4-TUSK-KAW20,USGS,1.9,28.2,19200,6980,0.6,130,3.289523939,8040,0.136066648,0.198604361,2440,1530,0.17,21400,11100,0.7455,26.5
-119.188,36.32852778,S4-TUSK-KAW21,USGS,0.43,14.7,13400,2170,0.024571411,70,3.298941581,2700,0.105218498,0.28,41,1160,0.042060943,5470,5850,0.249,3
-119.1773056,36.29708333,S4-TUSK-KAW22,USGS,1.5,51,26600,4510,0.55,200,57.4,10900,2.44,0.36,2780,2280,0.27,19900,16600,1.425,20.3
-119.1984167,36.21805556,S4-TUSK-KAW23,USGS,1.8,124,97800,95300,2.8,70,6.1,45900,0.5,1,20100,3740,3.6,70600,145000,78.15,21.7
-119.1688889,36.17936111,S4-TUSK-KAW24,USGS,1.9,137,52600,76800,7,150,14.4,20400,1.38,1,14700,4160,1.4,38400,32300,1.74,27.6
-119.0826667,36.13702778,S4-TUSK-KAW25,USGS,1,223,67800,45100,1.8,100,30.6,30300,3.68,1,16900,4660,0.2,50200,53900,6.3,24.3
-119.1311944,36.15925,S4-TUSK-KAW26,USGS,1.4,111,31500,25800,6.2,160,2.498518914,15600,0.089912224,0.33,4800,3080,0.4,56900,39700,4.23,19.5
-119.02725,36.20888889,S4-TUSK-KAW27,USGS,2.8,172,207000,517000,0.86,160,7.314697754,128000,0.603289524,12.5,41200,3720,6,127000,147000,16.5,18.5
-119.1301667,36.25411111,S4-TUSK-KAW28,USGS,1.4,145,35600,32900,1.8,100,4.4,30500,0.41,0.46,7070,2420,0.06,55400,41200,9.165,29.8
-119.1130556,36.37552778,S4-TUSK-KAW29,USGS,2.3,182,75000,31100,0.257979121,100,1130,14400,1240,1.9,19.18829496,3420,0.07,37600,99800,16.65,0.7
-119.1230278,36.46669444,S4-TUSK-KAW30,USGS,1.3,78.8,37700,30600,0.105365444,190,0.795324091,15000,0.44,0.47,1340,1940,0.99,34800,18000,0.879,22.7
-119.7999167,36.15233333,S4-TUSK-TLA01,USGS,0.16,47.1,10200,27700,1.6,70,84.6,4620,47.5,0.73,87,2620,0.002796365,262000,137000,1.1955,2.5
-119.7820833,36.24180556,S4-TUSK-TLA02,USGS,19.3,13.2,34600,23100,0.295396678,330,318,21400,346,0.52,22.92739811,1740,0.002225012,124000,191000,1.0095,0.28
-119.7967778,36.31697222,S4-TUSK-TLA03,USGS,5.7,5.54,1040,4640,0.08312367,1360,73.4,198,6.79,0.195818583,21.0043831,160,0.039842253,1.00E+05,4360,1.1355,2.2
-119.7455833,36.40005556,S4-TUSK-TLA04,USGS,2.7,23.4,18800,11300,0.052491277,40,3.295781281,1840,19.4,0.48,1480,840,0.27,55500,59300,9.6,8.1
-119.7096389,36.30455556,S4-TUSK-TLA05,USGS,104,17.1,29100,35100,0.233162797,830,13.9,6920,90.9,0.65,67,650,0.12,98800,60600,19.5,44.9
-119.7456389,36.26652778,S4-TUSK-TLA06,USGS,114,8.14,3180,5890,0.149020379,2120,181,791,18.7,0.42,26.45945294,430,0.12,169000,6590,2.115,5.2
-119.7456389,36.26652778,S4-TUSK-TLA06,USGS,84.3,8.16,2880,5090,0.20319336,1950,72.7,699,21.4,0.38,7.35815133,370,0.036880288,176000,3540,2.7,6.8
-119.7061389,36.21088889,S4-TUSK-TLA07,USGS,1.4,114,24200,91000,0.21481434,1200,1290,15000,214,0.58,15.57598984,1730,0.06,442000,252000,0.384,2.3
-119.7061389,36.21088889,S4-TUSK-TLA07,USGS,1.4,126,26400,107000,0.006598682,1190,1230,14200,183,0.359129387,16.68591384,1910,0.060920887,484000,304000,0.195,0.97
-119.6448889,36.13727778,S4-TUSK-TLA08,USGS,25.8,102,37800,154000,0.277924106,960,778,15400,846,1.4,19.94578655,1210,0.06,301000,272000,0.3525,1.5
-119.6364167,36.29063889,S4-TUSK-TLA09,USGS,23.9,68,30800,104000,0.2560928,230,25.3,1130,37,1.9,38.93730828,1050,0.05,217000,88300,237,1.5
-119.6898056,36.36241667,S4-TUSK-TLA10,USGS,20.5,5.52,6570,7810,0.129171924,80,8.571687411,32,1.43,0.09666074,5.490381829,510,0.18,47100,43100,0.354,1.8
-119.6898056,36.36241667,S4-TUSK-TLA10,USGS,20.3,6.01,10200,7400,0.229167326,90,7.5,61,1.97,0.29,20.91859869,370,0.26,43500,41100,0.06585,0.76
-119.5929167,36.40108333,S4-TUSK-TLA11,USGS,7.9,45,44100,6820,0.85,70,0.261640026,7000,0.302719175,1,5600,2120,0.62,10300,30900,13.98,34.9
-119.5860556,36.31419444,S4-TUSK-TLA12,USGS,28.3,92.4,41500,82000,0.183016095,110,12.1,4380,84.3,0.82,4820,520,18.1,125000,52200,130.8,41.1
-119.5733056,36.29763889,S4-TUSK-TLA13,USGS,1.7,159,165000,293000,0.285821971,70,3.07504929,14700,120,3.8,10800,870,8.2,172000,101000,159,15.3
-119.56275,36.084,S4-TUSK-TLA14,USGS,16.1,151,56800,212000,0.031537256,120,132,5950,82.6,0.76,27.36440399,830,0.05,209000,240,0.27,0.47
-119.5375556,36.03377778,S4-TUSK-TLA15,USGS,0.24,142,49000,278000,0.01300064,280,53.2,8890,142,0.32,32.03807265,1540,0.042594794,238000,6190,0.09735,0.5
-119.4649444,35.83491667,S4-TUSK-TLE01,USGS,62.3,3.08,2840,13100,0.131530343,700,15,110,2.38,0.012044651,7.731935028,220,0.06,51900,7460,0.3855,0.88
-119.4781667,35.87622222,S4-TUSK-TLE02,USGS,20.2,33.5,15100,50100,0.487651419,760,42.4,1450,44.8,0.192947625,31.39652312,2390,0.012565748,78200,1590,0.3855,0.33
-119.4781667,35.87622222,S4-TUSK-TLE02,USGS,31.6,40,14600,55700,0.1543258,700,32.8,1920,37.2,0.33,16.08380279,2040,0.012844918,78800,2700,0.3795,0.49
-119.4605833,36.00613889,S4-TUSK-TLE03,USGS,27,86.5,27500,59600,0.165131362,230,12.8,788,9.29,0.65,524,340,0.09,55500,27400,1.4085,1.4
-119.5184444,36.05188889,S4-TUSK-TLE04,USGS,74.2,65,98500,91500,0.098572191,210,45.3,9040,204,1.9,1310,820,0.82,315000,195000,60.15,11.8
-119.3941667,36.07761111,S4-TUSK-TLE05,USGS,2.1,299,151000,39800,3.1,40,9.1,16100,0.02030826,1.5,33100,680,0.18,63700,55700,93.6,10.5
-119.3408056,36.04938889,S4-TUSK-TLE06,USGS,0.56,49,30100,37800,2.1,50,8.8,1650,0.51,0.49,8830,550,0.28,72500,27700,8.385,4.9
-119.3319722,35.95163889,S4-TUSK-TLE07,USGS,2.5,53.4,43700,44600,9.1,130,20.2,1750,0.97,0.98,9530,420,1.7,52000,44200,4.08,19.5
-119.4220833,35.91313889,S4-TUSK-TLE08,USGS,76.5,2.53,2560,8610,0.171365916,680,42.7,20,2.27,0.168542248,27.67364569,180,0.06,51000,7730,0.9645,1.7
-119.3866667,35.834,S4-TUSK-TLE09,USGS,124,5.92,1670,31700,0.280890953,920,17.4,257,3.75,0.189850815,10.07461303,250,0.049396961,90600,38100,0.5955,5.8
-119.2680556,35.87036111,S4-TUSK-TLE10,USGS,2.5,106,49100,25500,3.6,120,5.2,8060,0.316491489,0.64,6650,2210,0.9,48000,72400,6.45,20.5
-119.2751944,35.93122222,S4-TUSK-TLE11,USGS,1.3,149,77700,21600,2.6,80,26.3,12200,2.31,1.1,14500,1200,1.3,37300,83200,18.3,17.7
-119.2757222,35.99244444,S4-TUSK-TLE12,USGS,0.88,76.5,25700,26100,3.3,50,3.863617653,444,0.210883985,0.44,7830,2550,0.7,55400,23300,2.4,10.1
-119.3093611,36.06133333,S4-TUSK-TLE13,USGS,0.65,44.3,51700,28300,0.78,30,7.5,989,0.280743039,0.75,20200,490,0.12,107000,19500,18.45,5.6
-119.2503056,36.11991667,S4-TUSK-TLE14,USGS,2.5,190,43100,15100,2.3,90,9.50601201,6570,0.262149495,0.112499907,11200,2350,0.61,47300,22400,17.1,20.3
-119.2503056,36.11991667,S4-TUSK-TLE14,USGS,2.4,186,39100,16300,2.3,90,6.3,6540,0.373986841,0.52,9240,2940,0.7,57800,21100,19.5,18.6
-119.1690278,36.12891667,S4-TUSK-TLE15,USGS,1.1,276,63300,25500,0.41,90,1.162618188,27600,0.069193775,1.2,17800,2000,1.9,34100,43400,16.5,21.3
-119.1434167,36.05544444,S4-TUSK-TLE16,USGS,0.45,169,57500,9660,0.20730965,70,7.5,7560,0.0319465,0.61,6300,1830,0.7,19300,26500,4.2,3.7
-119.1433611,35.964,S4-TUSK-TLE17,USGS,0.79,57,26600,4170,0.34,120,4.3,5250,0.035856215,0.53,1970,1300,0.17,14700,9280,0.5655,10.9
-119.1743889,35.93194444,S4-TUSK-TLE18,USGS,2,114,33800,42700,2.6,130,4.9,5420,0.105716495,0.48,5650,2580,0.96,45100,39600,1.8,26.5
-119.2245,35.83494444,S4-TUSK-TLE19,USGS,1.4,110,40400,29400,1.5,70,7.4,7920,0.362538656,0.69,5440,3230,1.1,38400,45000,2.085,14.2
-119.1043333,35.80511111,S4-TUSK-TLE20,USGS,3.5,23.1,12100,41200,0.77,330,7.8,921,0.61,0.036933659,2880,1720,0.49,89400,60300,0.2565,11.7
-119.0634722,35.86672222,S4-TUSK-TLE21,USGS,1.9,103,35500,16800,0.09707861,190,17.2,9120,1.15,0.98,2360,2490,0.33,29900,18100,3.21,10
-119.0640833,35.91388889,S4-TUSK-TLE22,USGS,1.8,97.2,36900,42400,0.96,180,8.4,11800,0.62,0.59,11200,4620,0.77,60400,30700,4.62,32.8
-119.0719722,35.95930556,S4-TUSK-TLE23,USGS,1,91.1,41700,30100,0.025601803,150,1.167302287,7560,0.360545857,0.54,4650,1940,0.28,26600,16400,1.98,14.6
-119.1260833,36.04441667,S4-TUSK-TLE24,USGS,0.51,196,74100,9920,0.56,60,10.3,11100,0.73,1.3,7340,1960,0.47,22200,15100,14.295,5.5
-119.0039167,36.0805,S4-TUSK-TLE25,USGS,3.2,59.4,27800,38900,13.8,260,19.6,51900,1.14,0.36,14800,3170,0.69,42700,28300,1.98,26.8
-119.0282778,36.03552778,S4-TUSK-TLE26,USGS,0.95,171,79800,21800,0.127431846,90,1.783734398,15200,0.222329364,1,6950,2550,0.28,33300,16500,17.1,6.8
-118.9661667,36.00702778,S4-TUSK-TLE27,USGS,3.7,33.2,40100,20300,2.8,270,3.446107658,23000,0.203820143,0.76,11600,4050,0.77,36600,32900,2.55,38.8
-119.0418611,35.90552778,S4-TUSK-TLE28,USGS,1.7,80,27000,37800,1.4,150,1.504650399,7520,0.201876334,0.4,21900,4180,1.7,101000,43100,5.13,38
-118.9653889,35.87975,S4-TUSK-TLE29,USGS,17.5,2.67,4290,27700,0.199670919,280,1.752059845,491,0.161806565,0.134769512,5820,1900,1,108000,73200,1.89,23.8
-119.0275,35.79186111,S4-TUSK-TLE30,USGS,4.2,2.19,14400,29200,0.209442261,150,67.9,109,12.9,0.140505902,8.571565524,1420,0.023953465,74200,72900,0.011119104,0.13
-121.2950278,38.37597222,S7-SAC-C01,USGS,2,71,18200,3890,3.5,140,4.680821761,10400,0.072119214,0.074050218,1470,2860,2,18100,6830,0.267,22
-121.3079722,38.29202778,S7-SAC-C02,USGS,5.5,438,54500,42700,4.7,100,8.226173751,32200,0.332761681,0.62,7830,3590,0.37,30800,16300,5.4,20.5
-121.2102222,38.41186111,S7-SAC-C03,USGS,0.9,91.9,19300,8740,3.4,140,4.084808356,14700,0.248062263,0.079595987,1710,1620,0.23,15600,3060,0.14895,16.6
-121.2254444,38.27752778,S7-SAC-C04,USGS,1.8,76.2,14600,12800,9.35,170,5.018084485,8600,0.012144238,0.078833771,3130,1660,0.2,12900,2540,0.0618,20.7
-121.2582778,38.29277778,S7-SAC-C05,USGS,2.1,89.4,17600,17100,9.8,120,17.8,10100,0.74,0.171340024,5130,2930,0.17,13300,3670,0.06285,22.7
-121.1235556,38.34633333,S7-SAC-C06,USGS,7.8,31.3,4510,3790,3.1,200,2.750965313,3030,0.176658588,0.027902334,1770,3820,0.17,20700,4510,0.0183,12.8
-121.2188611,38.34975,S7-SAC-C07,USGS,2.8,40.8,7010,5030,5.9,270,9.257743431,4660,0.201481625,0.028622058,1340,1370,0.17,12500,1410,0.002093833,25.9
-121.1721111,38.44713889,S7-SAC-C08,USGS,0.77,188,35200,9300,2.55,100,8.572354249,20900,0.136704804,0.129887534,7360,2250,0.41,13700,14800,0.5355,8.3
-121.1745,38.29333333,S7-SAC-C09,USGS,2.3,42.5,6790,6490,10.25,270,5.300840358,3730,0.042707207,0.101743358,2810,1090,0.2,22100,1580,0.01419,25.1
-120.9968889,38.27277778,S7-SAC-C10,USGS,3.1,99.2,7300,5830,1.45,290,1.780230007,3920,0.207343558,0.124452687,2680,5190,0.22,11700,2870,0.06885,21.8
-121.4701944,38.67325,S7-SAC-NA01,USGS,11.3,156,36900,39200,4.75,180,2.086598286,23500,0.66,0.120468381,1490,2210,1.4,26300,5820,3.645,26.9
-121.3566111,38.58986111,S7-SAC-NA02,USGS,2.1,35.4,16300,3230,3,40,9.839193225,8330,0.266516307,0.006999427,593,2600,0.17,8680,6250,0.2715,13.4
-121.2280278,38.70955556,S7-SAC-NA03,USGS,4.4,80.4,10500,55000,3.85,680,6.230555077,4160,0.393135645,0.024305012,1020,1680,0.23,83700,19600,0.24,26
-121.4898889,38.74877778,S7-SAC-NA05,USGS,8.1,226,68600,30400,4.6,120,6.365548617,28200,0.007964028,0.116500315,3480,2300,0.53,46200,15500,8.955,15.6
-121.3334167,38.86669444,S7-SAC-NA06,USGS,3,43.2,13900,24000,5.35,240,13,10800,0.190630833,0.199340732,1370,950,0.18,30000,6800,0.05475,27.3
-121.3667778,38.65036111,S7-SAC-NA08,USGS,3.1,95.5,16100,14800,6.8,190,5.475719091,11900,1.48,0.014374481,1060,1500,0.21,16300,2580,0.2175,25.3
-121.3320278,38.717,S7-SAC-NA09,USGS,2.3,70.4,19500,51300,12.1,230,7.723132726,13500,0.277509198,0.116792235,1240,1310,0.11,17000,4500,0.0375,24.3
-121.3941209,38.83017706,S7-SAC-NA10,USGS,4.6,52,18700,18400,6.8,290,3.347759256,13700,0.355935174,0.036905103,1220,870,0.06,20400,7030,0.2205,35.7
-121.5255134,38.82712142,S7-SAC-NA11,USGS,4.7,137,58600,28500,2,230,0.432493603,39200,0.315888042,0.24,3540,890,0.16,39100,21400,8.79,38.4
-121.6316389,38.69408333,S7-SAC-NA12,USGS,9.5,121,29700,19200,0.4,110,37.3,20300,0.99,0.12264774,8.277716025,2330,0.15,55300,23700,0.951,9.6
-121.4540278,38.97230556,S7-SAC-NA14,USGS,0.69,53.8,32900,39000,3.5,130,6.821261696,26900,0.55,0.35,4750,850,0.038506531,20500,25300,0.2565,10.7
-121.5254444,38.92925,S7-SAC-NA15,USGS,3.4,125,57400,31500,4.05,130,5.144435416,51500,0.322801508,0.31,2300,820,0.042055548,29500,14400,2.67,24.2
-121.4175278,38.72105556,S7-SAC-NA16,USGS,5.3,94.7,21100,11300,10.9,130,1.909631311,18800,0.208718306,0.094869818,925,1330,0.22,17400,1840,0.27,30
-121.2355,38.72983333,S7-SAC-NA17,USGS,1.4,177,34200,87700,1.75,420,5.467744707,20800,0.071249035,0.45,6400,1460,3.7,87500,42200,2.895,13.5
-121.3590833,38.90841667,S7-SAC-NA20,USGS,1.2,49.2,27200,36400,6,200,6.69578501,20600,0.374582921,0.36,4940,340,0.11,18000,8740,0.216,19.8
-121.4540833,38.83713889,S7-SAC-NA22,USGS,2.9,107,43800,17800,7.2,180,2.187024832,29000,0.278000394,0.044496087,3470,1700,0.06,28200,10300,1.77,34.1
-121.4227778,38.88819444,S7-SAC-NA23,USGS,2.5,22.7,15000,16600,8.45,310,5.386786512,11500,0.304050204,0.149446107,2290,580,0.17,20000,2560,0.0486,36.2
-121.3566944,38.99227778,S7-SAC-NA24,USGS,4.6,11.6,10600,10400,6.05,300,4.41310548,4030,0.27489954,0.079073277,2430,850,0.27,25000,7980,0.02535,20.9
-121.1497222,38.48963889,S7-SAC-SA01,USGS,5.1,52.1,19000,7820,0.77,230,35.9,9200,2.56,0.24,1920,1600,0.3,12800,19700,0.06795,5
-121.4168333,38.36341667,S7-SAC-SA02,USGS,4,134,55900,44500,11.45,130,17.8,44700,0.188279201,0.191092865,2240,2270,3.7,27300,22200,5.73,31.4
-121.4181111,38.40108333,S7-SAC-SA04,USGS,3.5,118,53600,39800,11.5,120,3.872008414,41800,0.103093186,0.172134555,6250,2520,0.21,24200,7170,4.935,28.4
-121.4616389,38.33125,S7-SAC-SA05,USGS,8.8,67.8,39500,68100,0.795,120,8.693215167,32100,1.16,0.017810051,154,730,1,29700,10600,2.205,35.8
-121.2613377,38.48796407,S7-SAC-SA06,USGS,2.2,54.2,14400,16200,4.85,150,4.257721535,8790,0.239881728,0.018081855,2290,1780,0.26,19300,3120,0.075,20.1
-121.3633889,38.48613889,S7-SAC-SA08,USGS,4.7,50.5,22400,13500,4.95,100,8.510530049,13200,0.300956278,0.162697176,3740,1670,0.15,18500,5100,0.3765,19.6
-121.2113056,38.50075,S7-SAC-SA09,USGS,1.9,58.7,20600,8710,2.25,250,6.315249805,12400,0.095038933,0.151925985,1780,1580,0.57,13300,8400,0.1635,18.3
-121.4523889,38.38716667,S7-SAC-SA10,USGS,9,65.9,32700,14300,8.1,120,17.1,21300,0.76,0.060102813,1740,1840,3.7,22400,8850,2.295,40.4
-121.1569167,38.56019444,S7-SAC-SA11,USGS,3.3,65.2,14100,8690,0.5,240,5.883481088,5670,0.46,0.25,1290,1070,0.95,17300,10700,0.0354,10.7
-121.3456944,38.53238889,S7-SAC-SA12,USGS,3.6,46.5,16900,4930,5.8,70,9.206249893,5660,0.348570572,0.166238975,1550,2230,0.2,10100,3350,0.3435,20.3
-121.42525,38.48225,S7-SAC-SA13,USGS,4,73.4,35400,21800,10.7,100,33.3,22400,1.5,0.190588589,5370,2350,0.15,21200,9420,2.28,22.2
-122.3978611,40.14741667,S9_REDBLS_RB08,USGS,1,130,33100,1530,11.9,280,2.914921276,25200,0.062588621,0.185599676,891,970,0.12,18700,1140,0.54,6.2
-122.2301944,40.19605556,S9_REDBLS_RB14,USGS,3.7,33.2,22100,4250,5.2,110,6.404340514,13500,0.158671283,0.126300269,1990,1850,0.48,13900,3960,0.8625,21.2
-122.1862222,40.01136111,S9_REDBLS_RB20,USGS,0.36,37.7,18700,10500,1.6,220,3.708047902,18400,0.64,0.101770241,2960,370,0.15,18900,12500,0.016300083,3.4
-122.4364444,40.28569444,S9_REDBLS_RED02,USGS,0.66,50.9,27400,10400,9.35,140,13,18500,0.7,0.11040624,500,620,0.16,14700,5350,0.10845,11.8
-122.3682222,40.56188889,S9_REDBLS_RED06,USGS,1.4,40.2,20200,13100,0.336033274,70,147,16600,27.3,2.3,1720,330,0.11,25200,10800,0.03855,1.8
-122.3353333,40.28697222,S9_REDBLS_RED11,USGS,1.4,121,27000,4230,27.8,120,8.5486466,14100,0.221016808,0.021250769,926,920,0.35,19000,900,0.6,18.9
-122.3510833,40.3855,S9_REDBLS_RED12,USGS,0.71,45.5,14500,3150,0.93,130,1.148053538,11800,0.279570441,0.56,2320,860,0.08,13600,3920,0.0933,8.5
-122.2051389,40.50986111,S9_REDBLS_RED23,USGS,0.79,5.73,14800,1960,8.7,70,8.409840327,11300,0.25196762,0.093745531,723,2180,0.07,9800,860,0.05475,15.4
-122.2128611,40.57291667,S9_REDBLS_RED25,USGS,4.5,25.2,13700,12900,7.9,100,19.5,11100,0.100781612,0.25,233,1900,0.4,23800,1710,0.07395,16.4
-121.37375,38.41694444,SAM-02,USGS,3.7,96.8,42800,20600,5.3,140,1.578565804,33300,0.038103659,0.32,4700,2220,0.13,22500,12700,3.27,22.2
-121.3125,38.58722222,SAM-07,USGS,0.87,209,71700,19100,4.5,30,3.110475579,18400,0.258928952,0.63,4150,2790,0.45,26500,24800,12.15,7.8
-121.3125,38.58722222,SAM-07,USGS,1,136,53200,12100,5,60,0.346700668,13300,0.0345646,2,3540,2590,0.5,22400,17200,6.345,9.5
-121.4516389,38.51277778,SAM-10,USGS,3.1,157,65100,32700,7.3,90,4.319002355,29700,0.010574282,0.107632574,7270,3830,0.2,21400,27000,8.7,16.1
-121.4516389,38.51277778,SAM-10,USGS,3.1,178,72000,37200,7.3,80,2.280460859,32200,0.142092361,0.82,7880,3950,0.23,23400,30400,11.355,16.9
-121.7044444,38.15972222,SOL-01,USGS,7.1,39.4,7570,34100,0.112172913,220,5,7100,8.7,0.114548671,541,950,0.63,143000,44900,1.74,4.4
-121.94975,38.35669444,SOL-03,USGS,2.5,91.3,42700,11300,14.8,210,0.326038404,20100,0.161337381,0.56,1600,4080,2.7,41900,38000,1.83,13
-121.5111111,38.24055556,SOL-06,USGS,5.2,213,27500,131000,0.105808316,130,365,21900,135,0.48,12.48118789,1100,0.07,202000,20200,0.009176319,0.63
-121.5111111,38.24055556,SOL-06,USGS,5.6,212,26900,133000,0.08,140,364,21400,135,0.49,26.30431471,1170,0.018219813,179000,19000,0.021,0.14
-121.9478333,38.40777778,SOL-08,USGS,2.6,205,25800,6370,26.4,220,1.959541505,25400,0.082092483,0.120204202,754,3290,0.43,30500,13400,1.545,14.6
-121.9478333,38.40777778,SOL-08,USGS,2.7,214,27200,6180,25.7,210,1.175721666,27000,0.052309372,0.47,782,3430,0.5,34400,13600,1.635,15.1
-121.3600278,38.69416667,SSV-QPC-06,USGS,2.2,65.3,21700,31100,7.3,210,4.5,14100,0.394824118,0.34,1340,1450,0.21,23900,7600,0.195,19.6
-121.2772222,38.73694444,SSV-QPC-07,USGS,1.6,47.1,39400,82500,3.5,240,20.8,13600,1.56,8.43,1800,1800,0.945609678,64400,27000,0.825,13.6
-121.2772222,38.73694444,SSV-QPC-07,USGS,1.8,49.6,39700,83100,3,230,20.2,13200,2.18,0.57,1960,1760,0.26,68000,29300,0.9465,14.3
-121.2772222,38.73694444,SSV-QPC-07,USGS,1.9,43.6,35900,80300,3.2,230,14.7,12300,1.21,0.240495137,1840,1650,0.2,60200,29000,0.792,13.6
-121.2772222,38.73694444,SSV-QPC-07,USGS,2.3,48,38400,70800,3,250,12,12600,1.17,3,2160,1610,0.29,61900,27000,0.8685,15.6
-121.2108333,38.56119444,SSV-QPC-09,USGS,2.1,35.7,10300,3720,2.6,200,5.1,5390,0.54,0.18885118,1790,1120,0.26,12200,2150,0.02235,16.8
-121.2108333,38.56119444,SSV-QPC-09,USGS,1.9,40.1,11300,3830,2.8,220,3.777416345,6200,1.01,0.77,1670,1270,0.2,12400,2280,0.03645,17.4
-121.3316667,38.71055556,SSV-QPCFP-01,USGS,1.7,78,23000,51800,4,260,1.916295519,12500,0.99,4.66,1260,2050,0.364266923,46100,15800,0.285,16.8
-121.3316111,38.71047222,SSV-QPCFP-03,USGS,1.8,65.1,22300,49000,4.6,270,2.610612511,12000,1.11,6.49,1140,2100,0.696687733,44600,11500,0.3,15.9
-121.8746111,38.20433333,SUI-03,USGS,13.6,147,60000,145000,5.8,710,12,43700,0.125534451,0.53,6160,5440,0.58,49200,10100,2.76,27
-121.8746111,38.20433333,SUI-03,USGS,12.8,120,46700,110000,6.3,710,9.3,36500,0.110903307,0.208202313,5790,5000,0.45,41600,8900,2.715,25
-121.8746111,38.20433333,SUI-03,USGS,15,143,53900,134000,6.9,740,2.36791504,40600,1.1,0.41,5760,4980,0.6,45100,9640,3.225,29
-122.1025556,38.26886111,SUI-04,USGS,0.48,124,70200,119000,0.109110248,430,816,25800,203,0.503865767,14.15526466,1360,0.06,142000,31500,0.807,2
-119.6411389,36.30033333,TLR-03,USGS,25.5,14.7,2270,61300,0.240369445,1300,102,112,8.92,0.37,29.91913595,470,0.049089751,97100,1330,0.363,0.82
-119.6411389,36.30033333,TLR-03,USGS,27.7,13.5,2170,72800,0.003034606,1250,7.9,80,6.12,0.171338711,15.94674877,470,0.050487284,108000,740,0.01419,0.46
-119.6599444,36.35797222,TLR-04,USGS,6.6,19.1,3150,140000,0.165857682,1370,7.8,293,18,0.192669896,28.44513051,680,0.047908082,143000,320,0.0264,0.38
-121.4433333,37.68341667,TRCY-03,USGS,0.83,29.1,91800,119000,7.3,200,25.1,30200,2.73,0.59,2200,3250,1.5,143000,290000,3.42,2.8
-121.4433333,37.68341667,TRCY-03,USGS,0.73,27.7,89400,119000,7.4,210,9.3,29300,0.098300951,0.82,2530,3130,1.7,146000,292000,3.165,2.8
-121.4433333,37.68341667,TRCY-03,USGS,0.79,24.7,82400,108000,6.9,250,6.1,26300,0.3,0.145690164,2490,3120,1.1,135000,259000,2.91,2.6
-121.5703611,37.96919444,TRCY-10,USGS,0.18,120,36200,80300,0.05808055,100,169,24500,205,0.24,2.228807118,2760,0.027769191,139000,15600,0.09525,0.25
-121.5703611,37.96919444,TRCY-10,USGS,0.17,126,36800,78500,0.29693376,90,166,24100,218,0.53,29.5809421,2790,0.034619219,147000,14500,0.0933,0.36
-121.3749722,37.75547222,TRCY-11,USGS,7,45.1,38100,88200,0.074583576,80,9,15800,205,0.35,1.073898915,3260,0.06,140000,217000,0.186,0.5
-120.8536667,37.59861111,TRLK-03,USGS,19.5,48.3,8500,13000,0.101059757,210,34.8,3270,10.5,0.105443723,599,1710,0.002970646,64300,3170,0.7065,12
-120.8536667,37.59861111,TRLK-03,USGS,21.4,51.9,7020,14900,0.34,240,16.9,2860,39.9,0.127802396,435,1550,0.04,58300,1090,0.435,10
-120.8466944,37.5075,TRLK-05,USGS,7.7,83.4,25100,14400,5.8,130,3.274959124,5710,0.188033285,0.103028076,3730,3510,0.46,24900,6720,1.965,50.4
-120.8466944,37.5075,TRLK-05,USGS,8.9,84.2,21000,14800,5.9,140,2.451241802,4920,0.097531753,0.4,2870,3570,0.49,22900,5500,1.479,49.3
-120.7996389,37.51763889,TRLK-11,USGS,5.5,103,23800,7960,5.5,120,1.853855954,7000,0.103540241,0.197802334,2990,4750,0.3,21600,8140,1.845,39.2
-119.2696938,35.88314831,TULE-01,USGS,5,14.3,10200,16600,9,200,7,617,0.33740385,0.157120332,3770,820,0.41,44200,22000,0.945,45.1
-119.322,36.10883333,TULE-03,USGS,16.4,12.9,12900,8710,0.3,240,1.487256137,703,0.183633216,0.140008582,2970,160,0.042245378,50000,17900,8.385,0.97
-119.0460556,35.88994444,TULE-05,USGS,3.9,28.6,15900,107000,0.096125413,810,14.9,1710,3.04,0.082883941,6280,2220,6.1,144000,42300,3.99,15.8
-119.3076389,36.05891667,TULE-07,USGS,6.4,7.71,7150,13600,0.68,150,17.6,147,0.249994035,0.101142142,4810,210,0.13,57000,11200,3.3,49.1
-119.0971667,36.0225,TULE-10,USGS,1,129,64200,48900,0.6,90,2.492048393,16700,0.38,0.62,9250,2670,0.24,41600,24400,17.1,12.4
-119.0971667,36.0225,TULE-10,USGS,0.93,164,77600,73000,0.45,80,0.453321408,19700,0.15985976,0.39,12000,2770,0.13,44100,29600,13.485,12
-120.1661944,36.13694444,WS-01,USGS,0.98,21.6,94900,96200,4.4,230,25.4,52100,2.93,0.54,7160,2550,10.1,137000,492000,3.6,6.2
-119.9326667,36.36483333,WS-02,USGS,0.25,38,10900,50100,0.239947796,850,21.8,1340,21.2,0.57,27.56889583,1220,0.038004708,165000,14100,0.8655,2.6
-119.9326667,36.36483333,WS-02,USGS,0.42,36.5,11100,47700,0.19,990,13.8,1280,18,1.1,16.94080612,1130,0.06,160000,8330,0.651,3.5
-120.0304148,36.14745317,WS-03,USGS,1.6,16.6,134000,111000,0.22,180,3.2,52900,6.92,5,8690,2020,34.9,188000,706000,2.265,7.9
-119.940415,36.28495164,WS-04,USGS,2.3,19.1,85500,56900,0.11,270,66.8,8820,40.3,2.7,48,1300,0.39,195000,533000,1.0545,5.9
-120.2294444,36.38608333,WS-05,USGS,5.4,33.5,38400,250000,0.23,490,7.9,968,29.3,1.3,21.01584153,1090,0.04,287000,312000,0.14595,2.6
-119.9048333,36.22677778,WS-06,USGS,2.8,10.5,570000,89300,0.174728986,260,7.3,3550,32.5,21.7,274,1620,0.53,201000,1730000,0.03135,8
-120.2115833,36.43647222,WS-07,USGS,2.7,20.4,65100,39000,0.104499883,290,40.2,9780,60.1,0.56,15.7067291,1830,0.02,2.00E+05,487000,0.0831,0.34
-120.2115833,36.43647222,WS-07,USGS,2.3,16.4,49100,34400,0.112188498,340,20.9,8340,54.2,0.21,16.93580811,1710,0.043121728,177000,428000,0.1236,0.17
-120.0126349,36.04356452,WS-08,USGS,7.8,10.4,22700,27300,0.07,220,40.8,1830,11.6,0.25,480,1070,1.9,153000,291000,0.15,33.5
-120.1000833,36.53330556,WS-09,USGS,1.1,89.6,16800,95800,0.23,530,88.1,2640,144,0.54,15.53703654,2170,0.04,203000,162000,0.1044,2.3
-122.1795556,39.93025,WSAC-03,USGS,0.28,61.1,36400,7770,0.34533353,90,4.831874783,16300,3.42,0.59,3710,680,0.78,13600,21300,7.11,25.4
-122.1795556,39.93025,WSAC-03,USGS,0.68,71.7,27800,8000,1.4,130,0.743784608,15700,0.252699912,0.001273608,2770,790,0.27,13800,16200,0.132,5
-122.3546667,39.774,WSAC-06,USGS,0.28,71,35700,17200,1.3,240,2.109287676,33400,1.3,0.21,640,600,0.09,25700,21500,0.111,2.6
-122.1858333,39.74308333,WSAC-08,USGS,0.25,113,66400,20300,1.1,90,4.904306971,18900,0.033190426,0.53,3330,810,0.12,17500,25000,0.495,1.9
-122.1858333,39.74308333,WSAC-08,USGS,0.27,104,67200,20700,1.4,90,2.466118439,19600,0.280321146,0.48,3680,810,0.13,19700,24800,0.6,2
-121.7866327,38.85628859,WSAC-17,USGS,7,54.1,41900,27400,0.340963632,130,31.2,34900,4.54,0.34,64,1730,0.08,43200,37900,1.8,21.2
-121.7866327,38.85628859,WSAC-17,USGS,6.7,38,27200,14700,0.3,170,1.046067614,25400,0.29778435,0.23,175,1450,0.12,39400,26100,1.215,18.9
-122.1466944,39.15219444,WSAC-18,USGS,1.5,58.3,50800,70700,0.295022573,500,0.036560844,33900,78.4,1.2,852,1140,2.1,111000,104000,2.355,9.2
-121.9235278,38.92855556,WSAC-19,USGS,5.1,365,64800,51800,0.321780571,430,3.90657685,66200,46.7,0.7,7790,1690,0.89,77800,67800,5.955,21.9
-121.9235278,38.92855556,WSAC-19,USGS,3.7,93.9,31600,59100,1.4,300,1.39515211,23400,0.028142499,0.073853899,172,2900,0.47,47900,18000,0.723,16.9
-122.1411667,39.00744444,WSAC-22,USGS,13.8,303,29300,51300,0.067125582,190,69.5,22100,117,0.111952188,14.7438226,860,0.006909552,59800,19100,0.021,0.41
-122.0198611,39.46880556,WSAC-32,USGS,3.1,172,40900,5250,4.4,170,1.936956625,23900,0.248854547,0.119296324,953,1230,0.17,21400,10100,0.8985,11.4
-122.0198611,39.46880556,WSAC-32,USGS,3.5,164,42200,6780,6.2,120,0.659675705,23900,0.136027787,0.158834036,928,1200,0.36,26800,13100,1.074,12.7
-119.9604167,36.00738889,WS-U-01,USGS,17.1,47.3,37900,319000,0.2,100,20.9,4870,85.5,0.38,33.31350482,1050,0.07,259000,111000,0.1815,9
-119.9668611,36.00813889,WS-U-02,USGS,11.9,35.1,31700,188000,0.62,160,7,5500,40.2,0.32,118,1060,0.19,198000,207000,0.4935,9.3
-120.2116389,36.14558333,WS-U-03,USGS,3.8,10.8,72200,93000,0.1,140,43.2,19700,91,0.97,11.12021731,2800,0.75,276000,634000,0.522,4.7
-121.7663056,38.68680556,YOL-01,USGS,1.1,301,76700,86400,17.8,110,3.72073133,57300,0.028192214,0.94,7190,2730,3.1,68200,44900,1.635,4.4
-121.7663056,38.68680556,YOL-01,USGS,1.2,247,62200,74600,15,150,2.135954378,45400,0.163194289,0.38,5170,2630,2.8,60100,34800,1.1655,4.8
-121.7555556,38.53194444,YOL-03,USGS,3.7,14.9,16000,22100,5.4,120,3.811372923,19300,0.019178563,0.173340846,535,1740,3.2,76700,36900,0.714,20.7
-121.9647222,38.52191667,YOL-04,USGS,1.1,82.9,30100,7890,4,120,5.2,40600,0.48,0.44,556,910,0.32,14400,27800,0.351,3.2
-121.8713611,38.67058333,YOL-06,USGS,4.8,135,26200,83200,1.1,150,5.8,33100,3.45,0.28,511,1390,0.64,94400,40900,0.9285,8.8
-121.6119444,38.66055556,YOL-09,USGS,21.5,15.7,6800,3940,0.495032639,210,10.1,7730,1.95,0.42,16.36942767,1020,0.160314524,17700,6300,0.04155,14.5
-121.5421786,38.55212818,YOL-14,USGS,6.7,492,86000,352000,0.003554662,120,579,59600,811,0.5,20,6700,0.06,157000,71900,0.1215,0.54
-121.7782222,38.54722222,YOLFP-13,USGS,3.7,180,37900,27000,38,330,5.235841191,64900,0.100352395,2.48,6970,1290,3.4,55000,34000,2.76,13.3